query,enabled,category
manual data entry excel,1,Operations
copy paste crm,1,CRM
lead generation spreadsheet,1,Sales
shopify order processing,1,Ecommerce
invoice processing,1,Finance
social media reporting,1,Marketing
seo reporting synchronization for ecommerce brands,1,Marketing
qa checklist reporting for small businesses,1,Operations
seo reporting reconciliation for support teams,1,Support
inventory updates validation for logistics companies,1,Operations
inventory updates monitoring for saas teams,1,Operations
copy paste monitoring for startups,1,Operations
excel reporting integration for small businesses,1,Operations
bookkeeping automation for ecommerce brands,1,Finance
social media reporting synchronization for shopify stores,1,Marketing
seo reporting consolidation for shopify stores,1,Marketing
social media reporting reporting for operations teams,1,Marketing
seo reporting tracking for healthcare clinics,1,Marketing
project status updates consolidation for finance teams,1,Operations
manual data entry auditing for education businesses,1,Operations
order processing analysis for education businesses,1,Operations
lead generation management for healthcare clinics,1,Operations
billing operations cleanup for logistics companies,1,Operations
invoice processing synchronization for logistics companies,1,Finance
order processing management for startups,1,Operations
inventory updates synchronization for operations teams,1,Operations
invoice processing optimization for saas teams,1,Finance
calendar coordination cleanup for shopify stores,1,Ecommerce
qa checklist auditing for education businesses,1,Operations
email outreach tracking for recruitment agencies,1,HR
crm updates migration for operations teams,1,CRM
billing operations auditing for operations teams,1,Operations
copy paste reconciliation for finance teams,1,Operations
project status updates auditing for logistics companies,1,Operations
email outreach synchronization for shopify stores,1,Ecommerce
inventory updates integration for shopify stores,1,Ecommerce
calendar coordination tracking for shopify stores,1,Ecommerce
recruiting pipeline consolidation for logistics companies,1,HR
recruiting pipeline consolidation for healthcare clinics,1,HR
recruiting pipeline cleanup for saas teams,1,HR
vendor management optimization for education businesses,1,Operations
seo reporting automation for logistics companies,1,Marketing
billing operations tracking for support teams,1,Support
timesheet processing synchronization for ecommerce brands,1,Operations
calendar coordination management for saas teams,1,Operations
lead generation tracking for finance teams,1,Operations
calendar coordination auditing for startups,1,Operations
project status updates optimization for shopify stores,1,Ecommerce
copy paste integration for logistics companies,1,Operations
calendar coordination analysis for sales teams,1,Operations
email outreach tracking for ecommerce brands,1,Operations
seo reporting reconciliation for recruitment agencies,1,Marketing
dashboard updates automation for support teams,1,Support
inventory updates tracking for small businesses,1,Operations
timesheet processing monitoring for operations teams,1,Operations
excel reporting cleanup for small businesses,1,Operations
invoice processing synchronization for shopify stores,1,Finance
bookkeeping synchronization for logistics companies,1,Finance
social media reporting integration for operations teams,1,Marketing
project status updates tracking for recruitment agencies,1,HR
bookkeeping cleanup for startups,1,Finance
calendar coordination migration for startups,1,Operations
recruiting pipeline migration for agencies,1,HR
project status updates reconciliation for ecommerce brands,1,Operations
recruiting pipeline synchronization for logistics companies,1,HR
vendor management consolidation for operations teams,1,Operations
billing operations reconciliation for agencies,1,Operations
inventory updates auditing for recruitment agencies,1,Operations
manual data entry auditing for startups,1,Operations
excel reporting cleanup for recruitment agencies,1,HR
crm updates analysis for support teams,1,CRM
calendar coordination optimization for healthcare clinics,1,Operations
seo reporting optimization for sales teams,1,Marketing
support ticket triage management for startups,1,Support
project status updates synchronization for agencies,1,Operations
lead generation management for support teams,1,Support
social media reporting management for agencies,1,Marketing
timesheet processing monitoring for ecommerce brands,1,Operations
calendar coordination reconciliation for sales teams,1,Operations
manual data entry integration for recruitment agencies,1,HR
inventory updates management for education businesses,1,Operations
order processing synchronization for operations teams,1,Operations
manual data entry analysis for small businesses,1,Operations
support ticket triage management for logistics companies,1,Support
dashboard updates optimization for education businesses,1,Operations
bookkeeping auditing for finance teams,1,Finance
seo reporting cleanup for recruitment agencies,1,Marketing
dashboard updates synchronization for logistics companies,1,Operations
calendar coordination automation for ecommerce brands,1,Operations
bookkeeping integration for small businesses,1,Finance
copy paste reporting for support teams,1,Support
seo reporting integration for sales teams,1,Marketing
qa checklist migration for operations teams,1,Operations
social media reporting reconciliation for shopify stores,1,Marketing
copy paste synchronization for agencies,1,Operations
crm updates management for startups,1,CRM
qa checklist automation for ecommerce brands,1,Operations
excel reporting auditing for ecommerce brands,1,Operations
lead generation validation for healthcare clinics,1,Operations
invoice processing integration for education businesses,1,Finance
recruiting pipeline integration for recruitment agencies,1,HR
qa checklist analysis for saas teams,1,Operations
timesheet processing monitoring for healthcare clinics,1,Operations
vendor management synchronization for finance teams,1,Operations
manual data entry auditing for recruitment agencies,1,HR
manual data entry tracking for healthcare clinics,1,Operations
excel reporting reporting for support teams,1,Support
calendar coordination cleanup for logistics companies,1,Operations
excel reporting reporting for shopify stores,1,Ecommerce
bookkeeping management for saas teams,1,Finance
inventory updates management for agencies,1,Operations
qa checklist validation for small businesses,1,Operations
copy paste automation for startups,1,Operations
manual data entry automation for ecommerce brands,1,Operations
qa checklist reconciliation for education businesses,1,Operations
order processing analysis for recruitment agencies,1,HR
recruiting pipeline auditing for healthcare clinics,1,HR
seo reporting synchronization for healthcare clinics,1,Marketing
lead generation management for ecommerce brands,1,Operations
lead generation optimization for operations teams,1,Operations
invoice processing optimization for ecommerce brands,1,Finance
excel reporting reconciliation for operations teams,1,Operations
vendor management analysis for sales teams,1,Operations
order processing automation for finance teams,1,Operations
inventory updates reconciliation for startups,1,Operations
excel reporting analysis for healthcare clinics,1,Operations
crm updates reporting for healthcare clinics,1,CRM
manual data entry monitoring for operations teams,1,Operations
vendor management reporting for shopify stores,1,Ecommerce
dashboard updates migration for small businesses,1,Operations
email outreach tracking for shopify stores,1,Ecommerce
manual data entry cleanup for ecommerce brands,1,Operations
order processing monitoring for saas teams,1,Operations
recruiting pipeline reconciliation for healthcare clinics,1,HR
qa checklist reporting for recruitment agencies,1,HR
email outreach reconciliation for ecommerce brands,1,Operations
lead generation automation for healthcare clinics,1,Operations
timesheet processing reconciliation for finance teams,1,Operations
bookkeeping tracking for startups,1,Finance
qa checklist reporting for education businesses,1,Operations
billing operations auditing for saas teams,1,Operations
billing operations management for logistics companies,1,Operations
copy paste tracking for finance teams,1,Operations
email outreach monitoring for shopify stores,1,Ecommerce
copy paste integration for healthcare clinics,1,Operations
calendar coordination integration for small businesses,1,Operations
lead generation analysis for healthcare clinics,1,Operations
project status updates migration for startups,1,Operations
recruiting pipeline monitoring for sales teams,1,HR
order processing analysis for sales teams,1,Operations
calendar coordination reporting for support teams,1,Support
social media reporting optimization for ecommerce brands,1,Marketing
email outreach optimization for support teams,1,Support
crm updates validation for small businesses,1,CRM
timesheet processing cleanup for ecommerce brands,1,Operations
timesheet processing optimization for finance teams,1,Operations
qa checklist tracking for ecommerce brands,1,Operations
billing operations migration for ecommerce brands,1,Operations
billing operations synchronization for startups,1,Operations
vendor management integration for logistics companies,1,Operations
vendor management consolidation for small businesses,1,Operations
order processing auditing for recruitment agencies,1,HR
timesheet processing integration for agencies,1,Operations
manual data entry automation for small businesses,1,Operations
support ticket triage analysis for finance teams,1,Support
vendor management reconciliation for sales teams,1,Operations
calendar coordination optimization for support teams,1,Support
billing operations synchronization for healthcare clinics,1,Operations
project status updates auditing for agencies,1,Operations
excel reporting tracking for education businesses,1,Operations
recruiting pipeline synchronization for ecommerce brands,1,HR
lead generation analysis for support teams,1,Support
social media reporting management for small businesses,1,Marketing
copy paste management for operations teams,1,Operations
project status updates auditing for startups,1,Operations
crm updates reporting for education businesses,1,CRM
billing operations synchronization for support teams,1,Support
invoice processing reconciliation for shopify stores,1,Finance
billing operations optimization for support teams,1,Support
copy paste analysis for small businesses,1,Operations
email outreach auditing for agencies,1,Operations
bookkeeping migration for education businesses,1,Finance
manual data entry integration for shopify stores,1,Ecommerce
support ticket triage tracking for education businesses,1,Support
order processing reporting for sales teams,1,Operations
inventory updates monitoring for recruitment agencies,1,Operations
vendor management automation for small businesses,1,Operations
crm updates cleanup for shopify stores,1,CRM
lead generation auditing for saas teams,1,Operations
excel reporting integration for operations teams,1,Operations
manual data entry optimization for support teams,1,Support
social media reporting integration for saas teams,1,Marketing
email outreach reporting for support teams,1,Support
lead generation monitoring for logistics companies,1,Operations
inventory updates optimization for finance teams,1,Operations
crm updates automation for small businesses,1,CRM
copy paste validation for support teams,1,Support
seo reporting integration for logistics companies,1,Marketing
recruiting pipeline reconciliation for logistics companies,1,HR
support ticket triage automation for ecommerce brands,1,Support
timesheet processing synchronization for operations teams,1,Operations
lead generation monitoring for support teams,1,Support
timesheet processing integration for startups,1,Operations
billing operations validation for healthcare clinics,1,Operations
social media reporting validation for sales teams,1,Marketing
seo reporting reporting for operations teams,1,Marketing
seo reporting optimization for saas teams,1,Marketing
recruiting pipeline management for healthcare clinics,1,HR
dashboard updates reporting for startups,1,Operations
excel reporting integration for healthcare clinics,1,Operations
excel reporting integration for agencies,1,Operations
qa checklist migration for healthcare clinics,1,Operations
manual data entry monitoring for saas teams,1,Operations
vendor management reconciliation for logistics companies,1,Operations
lead generation optimization for healthcare clinics,1,Operations
timesheet processing tracking for ecommerce brands,1,Operations
email outreach reporting for operations teams,1,Operations
billing operations synchronization for ecommerce brands,1,Operations
project status updates optimization for logistics companies,1,Operations
recruiting pipeline tracking for ecommerce brands,1,HR
seo reporting cleanup for small businesses,1,Marketing
calendar coordination analysis for agencies,1,Operations
inventory updates migration for finance teams,1,Operations
billing operations integration for agencies,1,Operations
crm updates integration for agencies,1,CRM
bookkeeping monitoring for support teams,1,Finance
calendar coordination auditing for small businesses,1,Operations
qa checklist integration for logistics companies,1,Operations
support ticket triage validation for support teams,1,Support
inventory updates tracking for education businesses,1,Operations
copy paste reporting for education businesses,1,Operations
billing operations reporting for startups,1,Operations
bookkeeping automation for saas teams,1,Finance
support ticket triage automation for saas teams,1,Support
bookkeeping monitoring for recruitment agencies,1,Finance
support ticket triage optimization for sales teams,1,Support
inventory updates monitoring for ecommerce brands,1,Operations
calendar coordination auditing for operations teams,1,Operations
dashboard updates reconciliation for recruitment agencies,1,HR
vendor management auditing for healthcare clinics,1,Operations
email outreach automation for finance teams,1,Operations
vendor management automation for finance teams,1,Operations
qa checklist synchronization for logistics companies,1,Operations
lead generation analysis for operations teams,1,Operations
bookkeeping validation for shopify stores,1,Finance
order processing validation for agencies,1,Operations
excel reporting tracking for small businesses,1,Operations
qa checklist integration for healthcare clinics,1,Operations
seo reporting tracking for recruitment agencies,1,Marketing
manual data entry validation for education businesses,1,Operations
order processing optimization for operations teams,1,Operations
copy paste analysis for agencies,1,Operations
qa checklist analysis for operations teams,1,Operations
inventory updates auditing for education businesses,1,Operations
timesheet processing monitoring for shopify stores,1,Ecommerce
qa checklist management for shopify stores,1,Ecommerce
timesheet processing reporting for shopify stores,1,Ecommerce
vendor management optimization for saas teams,1,Operations
project status updates analysis for support teams,1,Support
inventory updates integration for small businesses,1,Operations
manual data entry cleanup for education businesses,1,Operations
invoice processing automation for agencies,1,Finance
invoice processing reporting for small businesses,1,Finance
inventory updates auditing for saas teams,1,Operations
excel reporting optimization for operations teams,1,Operations
support ticket triage monitoring for small businesses,1,Support
manual data entry tracking for finance teams,1,Operations
order processing reconciliation for startups,1,Operations
email outreach validation for small businesses,1,Operations
vendor management synchronization for healthcare clinics,1,Operations
crm updates synchronization for shopify stores,1,CRM
timesheet processing optimization for recruitment agencies,1,HR
vendor management analysis for support teams,1,Support
inventory updates cleanup for saas teams,1,Operations
invoice processing consolidation for healthcare clinics,1,Finance
bookkeeping cleanup for operations teams,1,Finance
project status updates analysis for agencies,1,Operations
invoice processing management for support teams,1,Finance
dashboard updates synchronization for ecommerce brands,1,Operations
invoice processing cleanup for small businesses,1,Finance
crm updates integration for startups,1,CRM
qa checklist integration for ecommerce brands,1,Operations
project status updates cleanup for shopify stores,1,Ecommerce
copy paste synchronization for recruitment agencies,1,HR
calendar coordination cleanup for recruitment agencies,1,HR
support ticket triage auditing for ecommerce brands,1,Support
order processing auditing for operations teams,1,Operations
qa checklist management for healthcare clinics,1,Operations
bookkeeping reconciliation for support teams,1,Finance
seo reporting migration for small businesses,1,Marketing
vendor management reporting for ecommerce brands,1,Operations
billing operations automation for agencies,1,Operations
copy paste reporting for shopify stores,1,Ecommerce
order processing reporting for education businesses,1,Operations
excel reporting automation for small businesses,1,Operations
copy paste cleanup for operations teams,1,Operations
manual data entry synchronization for education businesses,1,Operations
calendar coordination management for shopify stores,1,Ecommerce
vendor management reporting for operations teams,1,Operations
social media reporting monitoring for saas teams,1,Marketing
lead generation optimization for startups,1,Operations
qa checklist optimization for operations teams,1,Operations
project status updates consolidation for ecommerce brands,1,Operations
copy paste monitoring for education businesses,1,Operations
social media reporting migration for recruitment agencies,1,Marketing
copy paste migration for shopify stores,1,Ecommerce
crm updates optimization for operations teams,1,CRM
email outreach integration for saas teams,1,Operations
dashboard updates integration for sales teams,1,Operations
crm updates integration for saas teams,1,CRM
crm updates reconciliation for startups,1,CRM
recruiting pipeline synchronization for sales teams,1,HR
timesheet processing tracking for sales teams,1,Operations
manual data entry cleanup for healthcare clinics,1,Operations
bookkeeping validation for startups,1,Finance
social media reporting validation for agencies,1,Marketing
project status updates analysis for logistics companies,1,Operations
recruiting pipeline auditing for support teams,1,Support
order processing cleanup for logistics companies,1,Operations
vendor management consolidation for support teams,1,Support
email outreach auditing for healthcare clinics,1,Operations
dashboard updates consolidation for agencies,1,Operations
manual data entry consolidation for shopify stores,1,Ecommerce
project status updates management for logistics companies,1,Operations
qa checklist tracking for startups,1,Operations
project status updates synchronization for startups,1,Operations
project status updates optimization for operations teams,1,Operations
email outreach migration for ecommerce brands,1,Operations
manual data entry reconciliation for startups,1,Operations
order processing monitoring for support teams,1,Support
excel reporting cleanup for support teams,1,Support
qa checklist validation for logistics companies,1,Operations
crm updates optimization for logistics companies,1,CRM
lead generation consolidation for agencies,1,Operations
billing operations consolidation for shopify stores,1,Ecommerce
crm updates synchronization for logistics companies,1,CRM
inventory updates reconciliation for ecommerce brands,1,Operations
recruiting pipeline management for finance teams,1,HR
email outreach analysis for startups,1,Operations
support ticket triage automation for sales teams,1,Support
qa checklist automation for sales teams,1,Operations
seo reporting optimization for shopify stores,1,Marketing
crm updates synchronization for healthcare clinics,1,CRM
bookkeeping automation for logistics companies,1,Finance
excel reporting tracking for agencies,1,Operations
vendor management tracking for ecommerce brands,1,Operations
invoice processing reporting for finance teams,1,Finance
manual data entry reconciliation for shopify stores,1,Ecommerce
bookkeeping reconciliation for recruitment agencies,1,Finance
order processing synchronization for education businesses,1,Operations
lead generation reconciliation for healthcare clinics,1,Operations
email outreach automation for saas teams,1,Operations
excel reporting cleanup for saas teams,1,Operations
vendor management automation for saas teams,1,Operations
dashboard updates validation for startups,1,Operations
recruiting pipeline validation for small businesses,1,HR
order processing monitoring for recruitment agencies,1,HR
social media reporting optimization for finance teams,1,Marketing
support ticket triage tracking for healthcare clinics,1,Support
timesheet processing reporting for recruitment agencies,1,HR
seo reporting monitoring for startups,1,Marketing
support ticket triage analysis for ecommerce brands,1,Support
dashboard updates optimization for recruitment agencies,1,HR
lead generation reconciliation for logistics companies,1,Operations
invoice processing consolidation for ecommerce brands,1,Finance
support ticket triage management for healthcare clinics,1,Support
vendor management management for saas teams,1,Operations
inventory updates management for support teams,1,Support
excel reporting tracking for operations teams,1,Operations
excel reporting automation for healthcare clinics,1,Operations
dashboard updates monitoring for support teams,1,Support
seo reporting auditing for education businesses,1,Marketing
dashboard updates cleanup for saas teams,1,Operations
dashboard updates migration for education businesses,1,Operations
project status updates auditing for saas teams,1,Operations
project status updates analysis for education businesses,1,Operations
seo reporting auditing for agencies,1,Marketing
copy paste automation for healthcare clinics,1,Operations
order processing tracking for agencies,1,Operations
bookkeeping management for sales teams,1,Finance
timesheet processing validation for healthcare clinics,1,Operations
vendor management cleanup for healthcare clinics,1,Operations
support ticket triage reporting for logistics companies,1,Support
support ticket triage migration for ecommerce brands,1,Support
crm updates monitoring for small businesses,1,CRM
recruiting pipeline tracking for finance teams,1,HR
qa checklist integration for shopify stores,1,Ecommerce
copy paste management for ecommerce brands,1,Operations
crm updates integration for small businesses,1,CRM
crm updates migration for finance teams,1,CRM
social media reporting consolidation for startups,1,Marketing
inventory updates consolidation for operations teams,1,Operations
lead generation reporting for agencies,1,Operations
calendar coordination validation for finance teams,1,Operations
copy paste migration for sales teams,1,Operations
seo reporting migration for startups,1,Marketing
billing operations reporting for logistics companies,1,Operations
project status updates integration for small businesses,1,Operations
excel reporting auditing for shopify stores,1,Ecommerce
vendor management management for agencies,1,Operations
qa checklist management for sales teams,1,Operations
lead generation synchronization for small businesses,1,Operations
crm updates synchronization for startups,1,CRM
billing operations analysis for sales teams,1,Operations
project status updates synchronization for finance teams,1,Operations
invoice processing migration for agencies,1,Finance
crm updates tracking for agencies,1,CRM
bookkeeping automation for finance teams,1,Finance
recruiting pipeline automation for support teams,1,Support
manual data entry cleanup for agencies,1,Operations
manual data entry reporting for recruitment agencies,1,HR
copy paste management for education businesses,1,Operations
dashboard updates monitoring for healthcare clinics,1,Operations
qa checklist migration for ecommerce brands,1,Operations
order processing validation for recruitment agencies,1,HR
bookkeeping auditing for saas teams,1,Finance
timesheet processing consolidation for sales teams,1,Operations
excel reporting reconciliation for startups,1,Operations
crm updates validation for sales teams,1,CRM
manual data entry management for agencies,1,Operations
bookkeeping automation for recruitment agencies,1,Finance
lead generation consolidation for education businesses,1,Operations
qa checklist reporting for startups,1,Operations
calendar coordination migration for operations teams,1,Operations
timesheet processing integration for saas teams,1,Operations
qa checklist analysis for education businesses,1,Operations
manual data entry reconciliation for sales teams,1,Operations
manual data entry auditing for shopify stores,1,Ecommerce
timesheet processing analysis for finance teams,1,Operations
billing operations optimization for ecommerce brands,1,Operations
seo reporting tracking for agencies,1,Marketing
dashboard updates auditing for shopify stores,1,Ecommerce
billing operations automation for recruitment agencies,1,HR
timesheet processing optimization for operations teams,1,Operations
qa checklist migration for education businesses,1,Operations
manual data entry management for sales teams,1,Operations
crm updates optimization for ecommerce brands,1,CRM
calendar coordination cleanup for operations teams,1,Operations
email outreach monitoring for startups,1,Operations
social media reporting reporting for agencies,1,Marketing
recruiting pipeline optimization for finance teams,1,HR
inventory updates auditing for shopify stores,1,Ecommerce
dashboard updates consolidation for sales teams,1,Operations
recruiting pipeline synchronization for support teams,1,Support
bookkeeping tracking for agencies,1,Finance
social media reporting reporting for education businesses,1,Marketing
qa checklist optimization for ecommerce brands,1,Operations
crm updates tracking for operations teams,1,CRM
bookkeeping reporting for sales teams,1,Finance
support ticket triage integration for education businesses,1,Support
excel reporting automation for support teams,1,Support
inventory updates migration for startups,1,Operations
calendar coordination analysis for finance teams,1,Operations
crm updates automation for finance teams,1,CRM
crm updates auditing for finance teams,1,CRM
invoice processing reporting for healthcare clinics,1,Finance
bookkeeping auditing for healthcare clinics,1,Finance
billing operations reconciliation for operations teams,1,Operations
excel reporting reconciliation for saas teams,1,Operations
support ticket triage cleanup for support teams,1,Support
dashboard updates migration for finance teams,1,Operations
recruiting pipeline cleanup for ecommerce brands,1,HR
project status updates monitoring for shopify stores,1,Ecommerce
calendar coordination cleanup for support teams,1,Support
project status updates consolidation for healthcare clinics,1,Operations
timesheet processing migration for education businesses,1,Operations
copy paste auditing for support teams,1,Support
email outreach tracking for agencies,1,Operations
recruiting pipeline cleanup for startups,1,HR
email outreach cleanup for shopify stores,1,Ecommerce
manual data entry consolidation for support teams,1,Support
invoice processing monitoring for education businesses,1,Finance
vendor management consolidation for healthcare clinics,1,Operations
email outreach migration for support teams,1,Support
crm updates reporting for shopify stores,1,CRM
inventory updates optimization for logistics companies,1,Operations
inventory updates tracking for logistics companies,1,Operations
calendar coordination management for agencies,1,Operations
calendar coordination automation for shopify stores,1,Ecommerce
email outreach optimization for logistics companies,1,Operations
vendor management management for operations teams,1,Operations
dashboard updates consolidation for healthcare clinics,1,Operations
project status updates optimization for agencies,1,Operations
project status updates tracking for education businesses,1,Operations
seo reporting analysis for saas teams,1,Marketing
seo reporting consolidation for startups,1,Marketing
copy paste analysis for ecommerce brands,1,Operations
bookkeeping optimization for small businesses,1,Finance
support ticket triage monitoring for agencies,1,Support
recruiting pipeline migration for recruitment agencies,1,HR
vendor management automation for logistics companies,1,Operations
project status updates migration for logistics companies,1,Operations
dashboard updates analysis for operations teams,1,Operations
seo reporting monitoring for small businesses,1,Marketing
copy paste consolidation for saas teams,1,Operations
order processing integration for startups,1,Operations
dashboard updates cleanup for support teams,1,Support
manual data entry reporting for sales teams,1,Operations
copy paste migration for ecommerce brands,1,Operations
manual data entry reporting for agencies,1,Operations
order processing auditing for finance teams,1,Operations
crm updates consolidation for shopify stores,1,CRM
invoice processing synchronization for finance teams,1,Finance
qa checklist monitoring for shopify stores,1,Ecommerce
email outreach reconciliation for healthcare clinics,1,Operations
vendor management automation for healthcare clinics,1,Operations
copy paste optimization for shopify stores,1,Ecommerce
bookkeeping integration for logistics companies,1,Finance
lead generation tracking for healthcare clinics,1,Operations
crm updates migration for education businesses,1,CRM
email outreach optimization for ecommerce brands,1,Operations
billing operations cleanup for sales teams,1,Operations
billing operations monitoring for ecommerce brands,1,Operations
inventory updates migration for ecommerce brands,1,Operations
copy paste validation for shopify stores,1,Ecommerce
timesheet processing tracking for support teams,1,Support
bookkeeping validation for recruitment agencies,1,Finance
crm updates reconciliation for shopify stores,1,CRM
bookkeeping migration for ecommerce brands,1,Finance
billing operations reporting for saas teams,1,Operations
copy paste tracking for small businesses,1,Operations
calendar coordination tracking for startups,1,Operations
calendar coordination monitoring for operations teams,1,Operations
billing operations reconciliation for finance teams,1,Operations
order processing automation for saas teams,1,Operations
excel reporting migration for small businesses,1,Operations
bookkeeping integration for startups,1,Finance
email outreach tracking for logistics companies,1,Operations
vendor management monitoring for operations teams,1,Operations
dashboard updates management for shopify stores,1,Ecommerce
seo reporting optimization for operations teams,1,Marketing
copy paste reconciliation for logistics companies,1,Operations
support ticket triage automation for operations teams,1,Support
project status updates analysis for operations teams,1,Operations
copy paste tracking for logistics companies,1,Operations
calendar coordination automation for education businesses,1,Operations
social media reporting integration for healthcare clinics,1,Marketing
recruiting pipeline reporting for operations teams,1,HR
inventory updates management for saas teams,1,Operations
social media reporting auditing for shopify stores,1,Marketing
timesheet processing optimization for sales teams,1,Operations
order processing automation for ecommerce brands,1,Operations
calendar coordination reporting for small businesses,1,Operations
support ticket triage optimization for healthcare clinics,1,Support
excel reporting reconciliation for agencies,1,Operations
vendor management management for startups,1,Operations
lead generation reconciliation for ecommerce brands,1,Operations
seo reporting validation for shopify stores,1,Marketing
recruiting pipeline migration for shopify stores,1,Ecommerce
inventory updates management for finance teams,1,Operations
email outreach auditing for startups,1,Operations
qa checklist migration for recruitment agencies,1,HR
qa checklist consolidation for small businesses,1,Operations
qa checklist validation for healthcare clinics,1,Operations
calendar coordination migration for small businesses,1,Operations
copy paste management for saas teams,1,Operations
billing operations cleanup for operations teams,1,Operations
dashboard updates monitoring for ecommerce brands,1,Operations
lead generation migration for recruitment agencies,1,HR
vendor management validation for logistics companies,1,Operations
seo reporting management for saas teams,1,Marketing
inventory updates synchronization for support teams,1,Support
bookkeeping analysis for healthcare clinics,1,Finance
calendar coordination monitoring for startups,1,Operations
lead generation automation for sales teams,1,Operations
social media reporting synchronization for support teams,1,Support
timesheet processing reconciliation for support teams,1,Support
billing operations optimization for finance teams,1,Operations
dashboard updates synchronization for shopify stores,1,Ecommerce
manual data entry tracking for operations teams,1,Operations
bookkeeping synchronization for finance teams,1,Finance
manual data entry monitoring for logistics companies,1,Operations
crm updates integration for logistics companies,1,CRM
copy paste validation for operations teams,1,Operations
calendar coordination reconciliation for small businesses,1,Operations
vendor management consolidation for agencies,1,Operations
recruiting pipeline cleanup for education businesses,1,HR
social media reporting auditing for healthcare clinics,1,Marketing
manual data entry reporting for ecommerce brands,1,Operations
crm updates reconciliation for sales teams,1,CRM
order processing cleanup for finance teams,1,Operations
qa checklist integration for education businesses,1,Operations
dashboard updates tracking for sales teams,1,Operations
bookkeeping reconciliation for agencies,1,Finance
copy paste reporting for finance teams,1,Operations
support ticket triage integration for operations teams,1,Support
support ticket triage cleanup for sales teams,1,Support
bookkeeping auditing for recruitment agencies,1,Finance
qa checklist tracking for education businesses,1,Operations
email outreach integration for startups,1,Operations
social media reporting auditing for small businesses,1,Marketing
bookkeeping integration for operations teams,1,Finance
social media reporting reconciliation for operations teams,1,Marketing
support ticket triage consolidation for agencies,1,Support
crm updates analysis for agencies,1,CRM
manual data entry cleanup for operations teams,1,Operations
social media reporting reconciliation for education businesses,1,Marketing
seo reporting reporting for healthcare clinics,1,Marketing
social media reporting optimization for small businesses,1,Marketing
qa checklist management for operations teams,1,Operations
qa checklist integration for finance teams,1,Operations
crm updates cleanup for saas teams,1,CRM
excel reporting analysis for ecommerce brands,1,Operations
manual data entry tracking for startups,1,Operations
invoice processing cleanup for support teams,1,Finance
order processing migration for finance teams,1,Operations
order processing consolidation for education businesses,1,Operations
inventory updates cleanup for finance teams,1,Operations
invoice processing validation for logistics companies,1,Finance
calendar coordination analysis for shopify stores,1,Ecommerce
seo reporting optimization for support teams,1,Support
qa checklist validation for agencies,1,Operations
qa checklist synchronization for small businesses,1,Operations
seo reporting validation for support teams,1,Support
social media reporting cleanup for saas teams,1,Marketing
social media reporting validation for shopify stores,1,Marketing
project status updates consolidation for shopify stores,1,Ecommerce
vendor management analysis for logistics companies,1,Operations
manual data entry consolidation for recruitment agencies,1,HR
excel reporting management for operations teams,1,Operations
excel reporting synchronization for healthcare clinics,1,Operations
vendor management validation for support teams,1,Support
vendor management tracking for sales teams,1,Operations
order processing tracking for saas teams,1,Operations
qa checklist analysis for startups,1,Operations
crm updates reconciliation for education businesses,1,CRM
copy paste tracking for education businesses,1,Operations
inventory updates automation for saas teams,1,Operations
recruiting pipeline reconciliation for recruitment agencies,1,HR
billing operations management for saas teams,1,Operations
social media reporting migration for shopify stores,1,Marketing
project status updates optimization for startups,1,Operations
vendor management monitoring for education businesses,1,Operations
bookkeeping monitoring for shopify stores,1,Finance
excel reporting integration for education businesses,1,Operations
excel reporting cleanup for logistics companies,1,Operations
vendor management optimization for healthcare clinics,1,Operations
seo reporting optimization for small businesses,1,Marketing
invoice processing synchronization for startups,1,Finance
support ticket triage validation for recruitment agencies,1,Support
support ticket triage cleanup for recruitment agencies,1,Support
dashboard updates consolidation for recruitment agencies,1,HR
qa checklist reconciliation for support teams,1,Support
social media reporting monitoring for shopify stores,1,Marketing
crm updates migration for agencies,1,CRM
email outreach management for logistics companies,1,Operations
project status updates validation for finance teams,1,Operations
invoice processing management for small businesses,1,Finance
qa checklist validation for sales teams,1,Operations
inventory updates reconciliation for agencies,1,Operations
inventory updates reconciliation for small businesses,1,Operations
calendar coordination integration for shopify stores,1,Ecommerce
dashboard updates reconciliation for education businesses,1,Operations
order processing cleanup for agencies,1,Operations
project status updates integration for finance teams,1,Operations
excel reporting tracking for sales teams,1,Operations
manual data entry optimization for small businesses,1,Operations
manual data entry tracking for education businesses,1,Operations
copy paste automation for recruitment agencies,1,HR
copy paste optimization for startups,1,Operations
manual data entry management for shopify stores,1,Ecommerce
project status updates tracking for agencies,1,Operations
lead generation synchronization for logistics companies,1,Operations
vendor management reconciliation for ecommerce brands,1,Operations
social media reporting auditing for finance teams,1,Marketing
email outreach cleanup for startups,1,Operations
manual data entry synchronization for operations teams,1,Operations
bookkeeping migration for shopify stores,1,Finance
support ticket triage cleanup for healthcare clinics,1,Support
lead generation automation for recruitment agencies,1,HR
excel reporting monitoring for operations teams,1,Operations
support ticket triage synchronization for recruitment agencies,1,Support
calendar coordination migration for sales teams,1,Operations
recruiting pipeline reporting for recruitment agencies,1,HR
crm updates monitoring for healthcare clinics,1,CRM
manual data entry automation for education businesses,1,Operations
lead generation consolidation for operations teams,1,Operations
project status updates migration for finance teams,1,Operations
vendor management reconciliation for startups,1,Operations
vendor management reconciliation for education businesses,1,Operations
lead generation migration for support teams,1,Support
timesheet processing consolidation for support teams,1,Support
invoice processing consolidation for shopify stores,1,Finance
email outreach migration for recruitment agencies,1,HR
dashboard updates integration for startups,1,Operations
vendor management consolidation for saas teams,1,Operations
timesheet processing consolidation for healthcare clinics,1,Operations
crm updates tracking for ecommerce brands,1,CRM
timesheet processing tracking for startups,1,Operations
inventory updates validation for sales teams,1,Operations
manual data entry auditing for healthcare clinics,1,Operations
recruiting pipeline auditing for recruitment agencies,1,HR
qa checklist migration for saas teams,1,Operations
lead generation integration for education businesses,1,Operations
seo reporting reporting for recruitment agencies,1,Marketing
timesheet processing management for startups,1,Operations
bookkeeping analysis for small businesses,1,Finance
manual data entry management for logistics companies,1,Operations
project status updates management for startups,1,Operations
lead generation reconciliation for sales teams,1,Operations
bookkeeping tracking for saas teams,1,Finance
bookkeeping analysis for shopify stores,1,Finance
recruiting pipeline auditing for ecommerce brands,1,HR
copy paste reporting for startups,1,Operations
dashboard updates reporting for ecommerce brands,1,Operations
seo reporting migration for finance teams,1,Marketing
invoice processing tracking for startups,1,Finance
recruiting pipeline tracking for sales teams,1,HR
vendor management validation for small businesses,1,Operations
social media reporting optimization for operations teams,1,Marketing
support ticket triage cleanup for education businesses,1,Support
vendor management integration for startups,1,Operations
qa checklist management for agencies,1,Operations
excel reporting consolidation for education businesses,1,Operations
email outreach automation for small businesses,1,Operations
excel reporting monitoring for logistics companies,1,Operations
project status updates consolidation for education businesses,1,Operations
manual data entry migration for saas teams,1,Operations
recruiting pipeline consolidation for operations teams,1,HR
inventory updates synchronization for startups,1,Operations
dashboard updates consolidation for operations teams,1,Operations
excel reporting migration for agencies,1,Operations
invoice processing tracking for saas teams,1,Finance
timesheet processing optimization for logistics companies,1,Operations
email outreach automation for agencies,1,Operations
crm updates analysis for small businesses,1,CRM
timesheet processing migration for saas teams,1,Operations
social media reporting monitoring for support teams,1,Support
project status updates validation for saas teams,1,Operations
support ticket triage auditing for agencies,1,Support
recruiting pipeline migration for startups,1,HR
crm updates consolidation for finance teams,1,CRM
timesheet processing automation for support teams,1,Support
calendar coordination analysis for healthcare clinics,1,Operations
vendor management migration for education businesses,1,Operations
manual data entry monitoring for sales teams,1,Operations
crm updates optimization for support teams,1,CRM
email outreach monitoring for logistics companies,1,Operations
seo reporting cleanup for finance teams,1,Marketing
copy paste synchronization for logistics companies,1,Operations
manual data entry monitoring for shopify stores,1,Ecommerce
billing operations cleanup for startups,1,Operations
seo reporting reporting for ecommerce brands,1,Marketing
copy paste integration for education businesses,1,Operations
excel reporting auditing for finance teams,1,Operations
invoice processing migration for recruitment agencies,1,Finance
calendar coordination auditing for logistics companies,1,Operations
invoice processing synchronization for healthcare clinics,1,Finance
calendar coordination synchronization for healthcare clinics,1,Operations
manual data entry cleanup for startups,1,Operations
timesheet processing synchronization for finance teams,1,Operations
project status updates analysis for saas teams,1,Operations
invoice processing synchronization for small businesses,1,Finance
inventory updates reporting for recruitment agencies,1,Operations
billing operations migration for sales teams,1,Operations
crm updates synchronization for support teams,1,CRM
invoice processing reconciliation for ecommerce brands,1,Finance
manual data entry automation for operations teams,1,Operations
timesheet processing optimization for agencies,1,Operations
excel reporting migration for startups,1,Operations
recruiting pipeline validation for healthcare clinics,1,HR
calendar coordination integration for recruitment agencies,1,HR
support ticket triage auditing for startups,1,Support
social media reporting integration for startups,1,Marketing
vendor management integration for healthcare clinics,1,Operations
timesheet processing consolidation for agencies,1,Operations
qa checklist optimization for logistics companies,1,Operations
project status updates synchronization for recruitment agencies,1,HR
billing operations analysis for logistics companies,1,Operations
timesheet processing reconciliation for recruitment agencies,1,HR
bookkeeping management for shopify stores,1,Finance
excel reporting reconciliation for recruitment agencies,1,HR
invoice processing tracking for agencies,1,Finance
recruiting pipeline reconciliation for saas teams,1,HR
inventory updates migration for logistics companies,1,Operations
crm updates migration for startups,1,CRM
vendor management consolidation for sales teams,1,Operations
inventory updates validation for support teams,1,Support
order processing synchronization for agencies,1,Operations
project status updates automation for finance teams,1,Operations
calendar coordination consolidation for healthcare clinics,1,Operations
invoice processing optimization for sales teams,1,Finance
timesheet processing synchronization for education businesses,1,Operations
excel reporting management for finance teams,1,Operations
inventory updates automation for agencies,1,Operations
invoice processing validation for agencies,1,Finance
copy paste reporting for saas teams,1,Operations
vendor management integration for finance teams,1,Operations
timesheet processing cleanup for saas teams,1,Operations
support ticket triage optimization for agencies,1,Support
seo reporting auditing for operations teams,1,Marketing
manual data entry validation for operations teams,1,Operations
inventory updates consolidation for healthcare clinics,1,Operations
project status updates migration for agencies,1,Operations
timesheet processing tracking for shopify stores,1,Ecommerce
timesheet processing reporting for logistics companies,1,Operations
qa checklist cleanup for agencies,1,Operations
seo reporting consolidation for operations teams,1,Marketing
manual data entry automation for shopify stores,1,Ecommerce
billing operations auditing for small businesses,1,Operations
qa checklist integration for small businesses,1,Operations
support ticket triage consolidation for support teams,1,Support
support ticket triage cleanup for small businesses,1,Support
manual data entry management for startups,1,Operations
dashboard updates analysis for education businesses,1,Operations
qa checklist consolidation for support teams,1,Support
vendor management optimization for recruitment agencies,1,HR
manual data entry reporting for small businesses,1,Operations
manual data entry reporting for support teams,1,Support
social media reporting synchronization for ecommerce brands,1,Marketing
crm updates optimization for education businesses,1,CRM
copy paste monitoring for agencies,1,Operations
invoice processing monitoring for logistics companies,1,Finance
invoice processing consolidation for support teams,1,Finance
project status updates management for finance teams,1,Operations
invoice processing management for shopify stores,1,Finance
calendar coordination reconciliation for operations teams,1,Operations
dashboard updates tracking for agencies,1,Operations
social media reporting cleanup for shopify stores,1,Marketing
vendor management integration for support teams,1,Support
invoice processing integration for healthcare clinics,1,Finance
project status updates synchronization for small businesses,1,Operations
inventory updates monitoring for shopify stores,1,Ecommerce
recruiting pipeline reporting for shopify stores,1,Ecommerce
invoice processing migration for education businesses,1,Finance
copy paste reconciliation for agencies,1,Operations
vendor management management for education businesses,1,Operations
support ticket triage consolidation for recruitment agencies,1,Support
billing operations optimization for startups,1,Operations
copy paste validation for startups,1,Operations
support ticket triage management for education businesses,1,Support
bookkeeping analysis for support teams,1,Finance
bookkeeping monitoring for agencies,1,Finance
timesheet processing cleanup for support teams,1,Support
crm updates consolidation for sales teams,1,CRM
vendor management automation for sales teams,1,Operations
crm updates consolidation for operations teams,1,CRM
qa checklist synchronization for finance teams,1,Operations
manual data entry automation for startups,1,Operations
lead generation synchronization for support teams,1,Support
timesheet processing consolidation for ecommerce brands,1,Operations
bookkeeping management for healthcare clinics,1,Finance
social media reporting analysis for small businesses,1,Marketing
calendar coordination monitoring for agencies,1,Operations
timesheet processing management for healthcare clinics,1,Operations
vendor management optimization for operations teams,1,Operations
excel reporting optimization for small businesses,1,Operations
vendor management synchronization for ecommerce brands,1,Operations
copy paste reconciliation for sales teams,1,Operations
email outreach reporting for agencies,1,Operations
crm updates validation for ecommerce brands,1,CRM
excel reporting validation for small businesses,1,Operations
bookkeeping reconciliation for startups,1,Finance
excel reporting migration for finance teams,1,Operations
billing operations validation for sales teams,1,Operations
copy paste synchronization for sales teams,1,Operations
billing operations reporting for small businesses,1,Operations
support ticket triage optimization for small businesses,1,Support
calendar coordination synchronization for shopify stores,1,Ecommerce
order processing reconciliation for finance teams,1,Operations
project status updates management for healthcare clinics,1,Operations
manual data entry monitoring for small businesses,1,Operations
invoice processing validation for education businesses,1,Finance
copy paste auditing for recruitment agencies,1,HR
crm updates optimization for sales teams,1,CRM
invoice processing analysis for saas teams,1,Finance
invoice processing migration for small businesses,1,Finance
social media reporting validation for support teams,1,Support
recruiting pipeline auditing for saas teams,1,HR
support ticket triage automation for finance teams,1,Support
order processing automation for small businesses,1,Operations
timesheet processing reconciliation for startups,1,Operations
manual data entry analysis for finance teams,1,Operations
crm updates migration for saas teams,1,CRM
seo reporting reporting for shopify stores,1,Marketing
calendar coordination integration for startups,1,Operations
copy paste cleanup for ecommerce brands,1,Operations
invoice processing reporting for education businesses,1,Finance
billing operations synchronization for recruitment agencies,1,HR
seo reporting auditing for shopify stores,1,Marketing
calendar coordination automation for small businesses,1,Operations
manual data entry analysis for education businesses,1,Operations
manual data entry migration for logistics companies,1,Operations
calendar coordination management for logistics companies,1,Operations
billing operations consolidation for sales teams,1,Operations
recruiting pipeline validation for startups,1,HR
calendar coordination analysis for logistics companies,1,Operations
email outreach tracking for finance teams,1,Operations
timesheet processing synchronization for healthcare clinics,1,Operations
copy paste migration for startups,1,Operations
invoice processing analysis for startups,1,Finance
excel reporting optimization for shopify stores,1,Ecommerce
copy paste consolidation for finance teams,1,Operations
billing operations synchronization for operations teams,1,Operations
lead generation analysis for small businesses,1,Operations
recruiting pipeline synchronization for shopify stores,1,Ecommerce
email outreach cleanup for finance teams,1,Operations
lead generation consolidation for logistics companies,1,Operations
invoice processing optimization for education businesses,1,Finance
lead generation validation for finance teams,1,Operations
excel reporting management for saas teams,1,Operations
crm updates auditing for education businesses,1,CRM
email outreach management for sales teams,1,Operations
email outreach synchronization for startups,1,Operations
bookkeeping synchronization for healthcare clinics,1,Finance
invoice processing reconciliation for small businesses,1,Finance
dashboard updates reporting for agencies,1,Operations
support ticket triage analysis for small businesses,1,Support
calendar coordination cleanup for finance teams,1,Operations
excel reporting synchronization for startups,1,Operations
excel reporting optimization for ecommerce brands,1,Operations
timesheet processing migration for healthcare clinics,1,Operations
social media reporting reconciliation for recruitment agencies,1,Marketing
bookkeeping cleanup for shopify stores,1,Finance
email outreach migration for finance teams,1,Operations
calendar coordination validation for small businesses,1,Operations
lead generation auditing for shopify stores,1,Ecommerce
project status updates migration for saas teams,1,Operations
inventory updates cleanup for ecommerce brands,1,Operations
bookkeeping reporting for recruitment agencies,1,Finance
calendar coordination synchronization for support teams,1,Support
social media reporting management for support teams,1,Support
project status updates reporting for healthcare clinics,1,Operations
email outreach synchronization for operations teams,1,Operations
timesheet processing management for finance teams,1,Operations
lead generation tracking for agencies,1,Operations
recruiting pipeline tracking for startups,1,HR
timesheet processing monitoring for agencies,1,Operations
social media reporting consolidation for saas teams,1,Marketing
copy paste monitoring for sales teams,1,Operations
recruiting pipeline reporting for saas teams,1,HR
support ticket triage reconciliation for small businesses,1,Support
recruiting pipeline management for support teams,1,Support
billing operations analysis for shopify stores,1,Ecommerce
inventory updates migration for support teams,1,Support
qa checklist optimization for small businesses,1,Operations
social media reporting reconciliation for sales teams,1,Marketing
crm updates tracking for healthcare clinics,1,CRM
invoice processing automation for finance teams,1,Finance
crm updates consolidation for healthcare clinics,1,CRM
manual data entry integration for sales teams,1,Operations
lead generation management for agencies,1,Operations
bookkeeping management for logistics companies,1,Finance
vendor management reconciliation for small businesses,1,Operations
lead generation tracking for ecommerce brands,1,Operations
project status updates auditing for recruitment agencies,1,HR
order processing cleanup for support teams,1,Support
manual data entry reporting for shopify stores,1,Ecommerce
crm updates monitoring for saas teams,1,CRM
seo reporting tracking for saas teams,1,Marketing
excel reporting reporting for logistics companies,1,Operations
project status updates management for education businesses,1,Operations
invoice processing automation for ecommerce brands,1,Finance
email outreach reconciliation for startups,1,Operations
crm updates validation for finance teams,1,CRM
recruiting pipeline analysis for small businesses,1,HR
excel reporting migration for saas teams,1,Operations
timesheet processing consolidation for operations teams,1,Operations
vendor management auditing for finance teams,1,Operations
excel reporting reconciliation for shopify stores,1,Ecommerce
dashboard updates analysis for ecommerce brands,1,Operations
lead generation migration for ecommerce brands,1,Operations
project status updates analysis for ecommerce brands,1,Operations
vendor management tracking for shopify stores,1,Ecommerce
crm updates analysis for saas teams,1,CRM
seo reporting integration for ecommerce brands,1,Marketing
social media reporting cleanup for education businesses,1,Marketing
crm updates synchronization for agencies,1,CRM
qa checklist reporting for operations teams,1,Operations
excel reporting analysis for saas teams,1,Operations
seo reporting synchronization for operations teams,1,Marketing
dashboard updates reporting for sales teams,1,Operations
seo reporting optimization for startups,1,Marketing
inventory updates synchronization for shopify stores,1,Ecommerce
support ticket triage automation for support teams,1,Support
support ticket triage migration for operations teams,1,Support
calendar coordination auditing for finance teams,1,Operations
crm updates auditing for startups,1,CRM
vendor management migration for finance teams,1,Operations
lead generation validation for saas teams,1,Operations
project status updates cleanup for startups,1,Operations
excel reporting management for sales teams,1,Operations
billing operations integration for finance teams,1,Operations
timesheet processing auditing for education businesses,1,Operations
timesheet processing optimization for small businesses,1,Operations
qa checklist analysis for healthcare clinics,1,Operations
lead generation automation for small businesses,1,Operations
seo reporting analysis for small businesses,1,Marketing
billing operations migration for education businesses,1,Operations
inventory updates reconciliation for shopify stores,1,Ecommerce
order processing consolidation for operations teams,1,Operations
timesheet processing integration for shopify stores,1,Ecommerce
vendor management management for sales teams,1,Operations
lead generation validation for agencies,1,Operations
social media reporting automation for healthcare clinics,1,Marketing
inventory updates migration for small businesses,1,Operations
crm updates reconciliation for operations teams,1,CRM
email outreach auditing for small businesses,1,Operations
support ticket triage reporting for healthcare clinics,1,Support
inventory updates validation for startups,1,Operations
bookkeeping automation for support teams,1,Finance
social media reporting analysis for logistics companies,1,Marketing
inventory updates reporting for shopify stores,1,Ecommerce
timesheet processing automation for ecommerce brands,1,Operations
recruiting pipeline validation for shopify stores,1,Ecommerce
excel reporting synchronization for education businesses,1,Operations
excel reporting automation for saas teams,1,Operations
bookkeeping monitoring for operations teams,1,Finance
billing operations auditing for healthcare clinics,1,Operations
social media reporting migration for operations teams,1,Marketing
manual data entry monitoring for ecommerce brands,1,Operations
seo reporting reconciliation for startups,1,Marketing
recruiting pipeline optimization for healthcare clinics,1,HR
manual data entry synchronization for startups,1,Operations
calendar coordination consolidation for ecommerce brands,1,Operations
project status updates synchronization for sales teams,1,Operations
billing operations migration for healthcare clinics,1,Operations
crm updates tracking for startups,1,CRM
qa checklist tracking for recruitment agencies,1,HR
dashboard updates migration for startups,1,Operations
social media reporting migration for saas teams,1,Marketing
dashboard updates management for small businesses,1,Operations
social media reporting cleanup for sales teams,1,Marketing
order processing cleanup for sales teams,1,Operations
inventory updates reconciliation for operations teams,1,Operations
copy paste auditing for shopify stores,1,Ecommerce
qa checklist optimization for saas teams,1,Operations
bookkeeping integration for agencies,1,Finance
support ticket triage validation for operations teams,1,Support
social media reporting tracking for recruitment agencies,1,Marketing
invoice processing reconciliation for sales teams,1,Finance
copy paste cleanup for finance teams,1,Operations
dashboard updates auditing for finance teams,1,Operations
recruiting pipeline synchronization for finance teams,1,HR
copy paste tracking for agencies,1,Operations
seo reporting validation for small businesses,1,Marketing
lead generation optimization for education businesses,1,Operations
copy paste tracking for ecommerce brands,1,Operations
calendar coordination automation for saas teams,1,Operations
order processing management for education businesses,1,Operations
recruiting pipeline optimization for logistics companies,1,HR
vendor management reconciliation for recruitment agencies,1,HR
calendar coordination integration for finance teams,1,Operations
invoice processing reconciliation for healthcare clinics,1,Finance
billing operations optimization for recruitment agencies,1,HR
order processing monitoring for agencies,1,Operations
dashboard updates validation for shopify stores,1,Ecommerce
crm updates synchronization for small businesses,1,CRM
order processing management for healthcare clinics,1,Operations
project status updates tracking for ecommerce brands,1,Operations
billing operations migration for logistics companies,1,Operations
lead generation consolidation for small businesses,1,Operations
inventory updates tracking for startups,1,Operations
excel reporting management for agencies,1,Operations
project status updates analysis for sales teams,1,Operations
bookkeeping consolidation for ecommerce brands,1,Finance
crm updates consolidation for support teams,1,CRM
calendar coordination validation for agencies,1,Operations
manual data entry reconciliation for education businesses,1,Operations
manual data entry analysis for startups,1,Operations
lead generation monitoring for recruitment agencies,1,HR
dashboard updates migration for sales teams,1,Operations
lead generation management for small businesses,1,Operations
manual data entry automation for finance teams,1,Operations
vendor management synchronization for logistics companies,1,Operations
invoice processing tracking for healthcare clinics,1,Finance
project status updates optimization for small businesses,1,Operations
copy paste auditing for education businesses,1,Operations
manual data entry optimization for ecommerce brands,1,Operations
support ticket triage synchronization for ecommerce brands,1,Support
invoice processing reporting for ecommerce brands,1,Finance
timesheet processing management for support teams,1,Support
copy paste validation for logistics companies,1,Operations
crm updates reconciliation for ecommerce brands,1,CRM
recruiting pipeline analysis for ecommerce brands,1,HR
recruiting pipeline analysis for agencies,1,HR
invoice processing tracking for small businesses,1,Finance
email outreach integration for education businesses,1,Operations
social media reporting tracking for logistics companies,1,Marketing
copy paste monitoring for support teams,1,Support
bookkeeping automation for sales teams,1,Finance
vendor management tracking for healthcare clinics,1,Operations
order processing reconciliation for education businesses,1,Operations
support ticket triage monitoring for logistics companies,1,Support
vendor management cleanup for finance teams,1,Operations
order processing analysis for saas teams,1,Operations
copy paste management for healthcare clinics,1,Operations
manual data entry migration for support teams,1,Support
project status updates automation for recruitment agencies,1,HR
calendar coordination management for ecommerce brands,1,Operations
billing operations cleanup for saas teams,1,Operations
social media reporting management for sales teams,1,Marketing
order processing tracking for ecommerce brands,1,Operations
support ticket triage reconciliation for finance teams,1,Support
invoice processing analysis for finance teams,1,Finance
support ticket triage analysis for startups,1,Support
billing operations integration for education businesses,1,Operations
bookkeeping validation for operations teams,1,Finance
dashboard updates tracking for ecommerce brands,1,Operations
vendor management tracking for saas teams,1,Operations
crm updates cleanup for startups,1,CRM
crm updates automation for operations teams,1,CRM
calendar coordination consolidation for finance teams,1,Operations
copy paste cleanup for recruitment agencies,1,HR
copy paste management for logistics companies,1,Operations
timesheet processing tracking for saas teams,1,Operations
dashboard updates analysis for shopify stores,1,Ecommerce
lead generation auditing for ecommerce brands,1,Operations
dashboard updates consolidation for support teams,1,Support
vendor management optimization for shopify stores,1,Ecommerce
vendor management management for shopify stores,1,Ecommerce
dashboard updates cleanup for finance teams,1,Operations
timesheet processing management for education businesses,1,Operations
dashboard updates automation for education businesses,1,Operations
project status updates monitoring for operations teams,1,Operations
crm updates synchronization for ecommerce brands,1,CRM
order processing monitoring for education businesses,1,Operations
order processing reconciliation for shopify stores,1,Ecommerce
order processing optimization for education businesses,1,Operations
support ticket triage optimization for logistics companies,1,Support
vendor management analysis for startups,1,Operations
excel reporting reconciliation for education businesses,1,Operations
social media reporting integration for recruitment agencies,1,Marketing
dashboard updates automation for sales teams,1,Operations
recruiting pipeline cleanup for healthcare clinics,1,HR
copy paste automation for sales teams,1,Operations
qa checklist reporting for finance teams,1,Operations
calendar coordination monitoring for education businesses,1,Operations
crm updates auditing for sales teams,1,CRM
seo reporting consolidation for small businesses,1,Marketing
copy paste analysis for saas teams,1,Operations
crm updates migration for logistics companies,1,CRM
timesheet processing reconciliation for shopify stores,1,Ecommerce
social media reporting consolidation for ecommerce brands,1,Marketing
manual data entry synchronization for sales teams,1,Operations
email outreach automation for shopify stores,1,Ecommerce
dashboard updates optimization for healthcare clinics,1,Operations
manual data entry cleanup for small businesses,1,Operations
bookkeeping optimization for support teams,1,Finance
invoice processing management for startups,1,Finance
excel reporting automation for logistics companies,1,Operations
recruiting pipeline optimization for agencies,1,HR
qa checklist consolidation for operations teams,1,Operations
email outreach optimization for operations teams,1,Operations
support ticket triage management for support teams,1,Support
excel reporting management for healthcare clinics,1,Operations
inventory updates auditing for small businesses,1,Operations
qa checklist optimization for shopify stores,1,Ecommerce
project status updates consolidation for small businesses,1,Operations
excel reporting reporting for recruitment agencies,1,HR
timesheet processing reporting for sales teams,1,Operations
inventory updates reconciliation for recruitment agencies,1,Operations
dashboard updates reconciliation for healthcare clinics,1,Operations
support ticket triage migration for shopify stores,1,Support
qa checklist consolidation for education businesses,1,Operations
order processing validation for healthcare clinics,1,Operations
bookkeeping consolidation for sales teams,1,Finance
seo reporting migration for education businesses,1,Marketing
lead generation automation for finance teams,1,Operations
vendor management analysis for finance teams,1,Operations
manual data entry reporting for logistics companies,1,Operations
social media reporting auditing for logistics companies,1,Marketing
timesheet processing automation for logistics companies,1,Operations
excel reporting reconciliation for sales teams,1,Operations
copy paste reconciliation for ecommerce brands,1,Operations
project status updates reporting for support teams,1,Support
dashboard updates reporting for education businesses,1,Operations
crm updates consolidation for small businesses,1,CRM
order processing analysis for healthcare clinics,1,Operations
order processing analysis for shopify stores,1,Ecommerce
email outreach monitoring for recruitment agencies,1,HR
crm updates tracking for finance teams,1,CRM
inventory updates reconciliation for saas teams,1,Operations
vendor management reporting for saas teams,1,Operations
vendor management reconciliation for saas teams,1,Operations
order processing analysis for small businesses,1,Operations
inventory updates tracking for operations teams,1,Operations
copy paste monitoring for logistics companies,1,Operations
project status updates tracking for operations teams,1,Operations
project status updates management for ecommerce brands,1,Operations
timesheet processing consolidation for education businesses,1,Operations
seo reporting reconciliation for ecommerce brands,1,Marketing
support ticket triage cleanup for saas teams,1,Support
copy paste optimization for education businesses,1,Operations
vendor management validation for finance teams,1,Operations
crm updates reporting for logistics companies,1,CRM
invoice processing optimization for small businesses,1,Finance
timesheet processing management for ecommerce brands,1,Operations
calendar coordination migration for saas teams,1,Operations
crm updates reporting for operations teams,1,CRM
order processing synchronization for healthcare clinics,1,Operations
social media reporting automation for small businesses,1,Marketing
recruiting pipeline management for small businesses,1,HR
seo reporting optimization for healthcare clinics,1,Marketing
project status updates monitoring for support teams,1,Support
recruiting pipeline synchronization for operations teams,1,HR
copy paste auditing for operations teams,1,Operations
order processing reporting for logistics companies,1,Operations
lead generation migration for agencies,1,Operations
social media reporting validation for education businesses,1,Marketing
calendar coordination reconciliation for startups,1,Operations
qa checklist migration for logistics companies,1,Operations
support ticket triage reporting for agencies,1,Support
calendar coordination reconciliation for healthcare clinics,1,Operations
invoice processing management for operations teams,1,Finance
lead generation monitoring for small businesses,1,Operations
invoice processing reporting for operations teams,1,Finance
copy paste analysis for sales teams,1,Operations
manual data entry analysis for ecommerce brands,1,Operations
inventory updates synchronization for agencies,1,Operations
invoice processing synchronization for agencies,1,Finance
calendar coordination consolidation for support teams,1,Support
qa checklist migration for finance teams,1,Operations
lead generation analysis for saas teams,1,Operations
vendor management management for finance teams,1,Operations
order processing optimization for sales teams,1,Operations
dashboard updates monitoring for shopify stores,1,Ecommerce
excel reporting reconciliation for small businesses,1,Operations
order processing optimization for logistics companies,1,Operations
excel reporting automation for recruitment agencies,1,HR
seo reporting cleanup for support teams,1,Support
support ticket triage synchronization for logistics companies,1,Support
billing operations optimization for saas teams,1,Operations
excel reporting monitoring for healthcare clinics,1,Operations
qa checklist auditing for operations teams,1,Operations
lead generation synchronization for finance teams,1,Operations
social media reporting automation for ecommerce brands,1,Marketing
project status updates analysis for healthcare clinics,1,Operations
excel reporting validation for logistics companies,1,Operations
support ticket triage consolidation for healthcare clinics,1,Support
manual data entry auditing for operations teams,1,Operations
seo reporting synchronization for recruitment agencies,1,Marketing
crm updates migration for recruitment agencies,1,CRM
project status updates validation for logistics companies,1,Operations
qa checklist auditing for sales teams,1,Operations
billing operations consolidation for operations teams,1,Operations
calendar coordination tracking for healthcare clinics,1,Operations
timesheet processing migration for agencies,1,Operations
bookkeeping migration for startups,1,Finance
email outreach analysis for finance teams,1,Operations
excel reporting integration for recruitment agencies,1,HR
dashboard updates synchronization for support teams,1,Support
copy paste synchronization for small businesses,1,Operations
dashboard updates analysis for small businesses,1,Operations
copy paste optimization for small businesses,1,Operations
project status updates cleanup for operations teams,1,Operations
excel reporting tracking for shopify stores,1,Ecommerce
recruiting pipeline consolidation for ecommerce brands,1,HR
invoice processing cleanup for shopify stores,1,Finance
project status updates cleanup for logistics companies,1,Operations
dashboard updates tracking for operations teams,1,Operations
manual data entry auditing for small businesses,1,Operations
timesheet processing automation for sales teams,1,Operations
dashboard updates management for sales teams,1,Operations
recruiting pipeline migration for healthcare clinics,1,HR
excel reporting reporting for education businesses,1,Operations
support ticket triage cleanup for finance teams,1,Support
email outreach synchronization for support teams,1,Support
copy paste integration for support teams,1,Support
vendor management management for ecommerce brands,1,Operations
vendor management analysis for agencies,1,Operations
vendor management optimization for startups,1,Operations
seo reporting tracking for shopify stores,1,Marketing
timesheet processing reporting for agencies,1,Operations
manual data entry synchronization for support teams,1,Support
timesheet processing migration for support teams,1,Support
bookkeeping monitoring for finance teams,1,Finance
copy paste synchronization for startups,1,Operations
recruiting pipeline cleanup for operations teams,1,HR
timesheet processing validation for agencies,1,Operations
project status updates reconciliation for agencies,1,Operations
crm updates integration for shopify stores,1,CRM
dashboard updates integration for shopify stores,1,Ecommerce
recruiting pipeline consolidation for saas teams,1,HR
invoice processing cleanup for education businesses,1,Finance
recruiting pipeline optimization for operations teams,1,HR
social media reporting monitoring for ecommerce brands,1,Marketing
crm updates tracking for recruitment agencies,1,CRM
email outreach reconciliation for logistics companies,1,Operations
bookkeeping synchronization for agencies,1,Finance
bookkeeping reconciliation for healthcare clinics,1,Finance
bookkeeping auditing for support teams,1,Finance
crm updates optimization for healthcare clinics,1,CRM
manual data entry validation for agencies,1,Operations
email outreach monitoring for education businesses,1,Operations
qa checklist management for startups,1,Operations
seo reporting integration for small businesses,1,Marketing
excel reporting consolidation for sales teams,1,Operations
order processing consolidation for sales teams,1,Operations
vendor management reconciliation for healthcare clinics,1,Operations
social media reporting management for ecommerce brands,1,Marketing
qa checklist monitoring for operations teams,1,Operations
recruiting pipeline integration for shopify stores,1,Ecommerce
timesheet processing cleanup for small businesses,1,Operations
bookkeeping optimization for agencies,1,Finance
billing operations migration for startups,1,Operations
inventory updates reporting for finance teams,1,Operations
timesheet processing synchronization for saas teams,1,Operations
order processing analysis for operations teams,1,Operations
excel reporting automation for ecommerce brands,1,Operations
calendar coordination automation for sales teams,1,Operations
manual data entry validation for ecommerce brands,1,Operations
support ticket triage synchronization for saas teams,1,Support
project status updates cleanup for agencies,1,Operations
bookkeeping monitoring for education businesses,1,Finance
project status updates migration for operations teams,1,Operations
inventory updates integration for healthcare clinics,1,Operations
social media reporting monitoring for sales teams,1,Marketing
order processing monitoring for small businesses,1,Operations
excel reporting cleanup for ecommerce brands,1,Operations
order processing auditing for sales teams,1,Operations
timesheet processing monitoring for startups,1,Operations
lead generation validation for shopify stores,1,Ecommerce
recruiting pipeline optimization for ecommerce brands,1,HR
manual data entry migration for healthcare clinics,1,Operations
email outreach reconciliation for small businesses,1,Operations
seo reporting tracking for support teams,1,Support
social media reporting tracking for startups,1,Marketing
timesheet processing tracking for agencies,1,Operations
timesheet processing cleanup for operations teams,1,Operations
vendor management consolidation for recruitment agencies,1,HR
email outreach automation for healthcare clinics,1,Operations
social media reporting cleanup for support teams,1,Support
billing operations integration for logistics companies,1,Operations
support ticket triage reconciliation for sales teams,1,Support
invoice processing reporting for sales teams,1,Finance
invoice processing auditing for agencies,1,Finance
manual data entry synchronization for agencies,1,Operations
timesheet processing cleanup for agencies,1,Operations
manual data entry management for small businesses,1,Operations
timesheet processing validation for logistics companies,1,Operations
manual data entry consolidation for startups,1,Operations
vendor management tracking for small businesses,1,Operations
recruiting pipeline optimization for sales teams,1,HR
seo reporting reconciliation for operations teams,1,Marketing
timesheet processing validation for small businesses,1,Operations
email outreach reporting for finance teams,1,Operations
manual data entry auditing for finance teams,1,Operations
calendar coordination tracking for small businesses,1,Operations
social media reporting auditing for startups,1,Marketing
manual data entry validation for healthcare clinics,1,Operations
order processing reporting for agencies,1,Operations
qa checklist validation for finance teams,1,Operations
lead generation cleanup for operations teams,1,Operations
bookkeeping integration for finance teams,1,Finance
invoice processing integration for startups,1,Finance
crm updates reconciliation for small businesses,1,CRM
inventory updates consolidation for sales teams,1,Operations
support ticket triage cleanup for ecommerce brands,1,Support
inventory updates auditing for logistics companies,1,Operations
lead generation analysis for agencies,1,Operations
billing operations tracking for agencies,1,Operations
project status updates synchronization for saas teams,1,Operations
bookkeeping tracking for shopify stores,1,Finance
support ticket triage integration for sales teams,1,Support
support ticket triage reporting for shopify stores,1,Support
qa checklist automation for operations teams,1,Operations
copy paste migration for recruitment agencies,1,HR
dashboard updates auditing for recruitment agencies,1,HR
manual data entry reconciliation for agencies,1,Operations
email outreach monitoring for saas teams,1,Operations
copy paste validation for ecommerce brands,1,Operations
support ticket triage reconciliation for healthcare clinics,1,Support
invoice processing auditing for sales teams,1,Finance
manual data entry tracking for support teams,1,Support
vendor management management for logistics companies,1,Operations
bookkeeping reporting for small businesses,1,Finance
dashboard updates validation for agencies,1,Operations
dashboard updates validation for education businesses,1,Operations
recruiting pipeline monitoring for agencies,1,HR
timesheet processing auditing for shopify stores,1,Ecommerce
invoice processing automation for startups,1,Finance
bookkeeping cleanup for finance teams,1,Finance
order processing consolidation for healthcare clinics,1,Operations
inventory updates analysis for ecommerce brands,1,Operations
email outreach reporting for small businesses,1,Operations
billing operations cleanup for recruitment agencies,1,HR
dashboard updates automation for operations teams,1,Operations
invoice processing monitoring for finance teams,1,Finance
support ticket triage validation for agencies,1,Support
dashboard updates automation for shopify stores,1,Ecommerce
billing operations optimization for logistics companies,1,Operations
seo reporting management for finance teams,1,Marketing
billing operations cleanup for healthcare clinics,1,Operations
qa checklist automation for shopify stores,1,Ecommerce
invoice processing migration for finance teams,1,Finance
email outreach automation for ecommerce brands,1,Operations
seo reporting cleanup for agencies,1,Marketing
timesheet processing auditing for operations teams,1,Operations
copy paste integration for agencies,1,Operations
manual data entry analysis for logistics companies,1,Operations
billing operations reconciliation for saas teams,1,Operations
inventory updates tracking for ecommerce brands,1,Operations
email outreach synchronization for sales teams,1,Operations
invoice processing automation for saas teams,1,Finance
timesheet processing analysis for healthcare clinics,1,Operations
order processing migration for healthcare clinics,1,Operations
inventory updates integration for recruitment agencies,1,Operations
seo reporting automation for recruitment agencies,1,Marketing
manual data entry optimization for logistics companies,1,Operations
calendar coordination reporting for agencies,1,Operations
qa checklist automation for agencies,1,Operations
inventory updates monitoring for support teams,1,Support
bookkeeping optimization for saas teams,1,Finance
excel reporting synchronization for support teams,1,Support
project status updates monitoring for healthcare clinics,1,Operations
excel reporting automation for sales teams,1,Operations
order processing migration for shopify stores,1,Ecommerce
copy paste analysis for recruitment agencies,1,HR
timesheet processing management for sales teams,1,Operations
copy paste analysis for operations teams,1,Operations
project status updates reconciliation for startups,1,Operations
invoice processing validation for recruitment agencies,1,Finance
inventory updates reporting for education businesses,1,Operations
seo reporting validation for finance teams,1,Marketing
support ticket triage synchronization for healthcare clinics,1,Support
crm updates optimization for small businesses,1,CRM
inventory updates monitoring for startups,1,Operations
timesheet processing analysis for ecommerce brands,1,Operations
email outreach synchronization for saas teams,1,Operations
calendar coordination monitoring for recruitment agencies,1,HR
lead generation cleanup for logistics companies,1,Operations
bookkeeping consolidation for saas teams,1,Finance
timesheet processing automation for recruitment agencies,1,HR
dashboard updates consolidation for education businesses,1,Operations
social media reporting optimization for healthcare clinics,1,Marketing
copy paste auditing for finance teams,1,Operations
dashboard updates integration for ecommerce brands,1,Operations
support ticket triage integration for saas teams,1,Support
email outreach monitoring for small businesses,1,Operations
calendar coordination integration for saas teams,1,Operations
qa checklist auditing for saas teams,1,Operations
qa checklist consolidation for sales teams,1,Operations
timesheet processing tracking for logistics companies,1,Operations
support ticket triage reconciliation for ecommerce brands,1,Support
vendor management cleanup for recruitment agencies,1,HR
lead generation tracking for small businesses,1,Operations
support ticket triage monitoring for ecommerce brands,1,Support
manual data entry migration for finance teams,1,Operations
timesheet processing reconciliation for agencies,1,Operations
crm updates automation for recruitment agencies,1,CRM
order processing management for ecommerce brands,1,Operations
excel reporting validation for support teams,1,Support
project status updates synchronization for support teams,1,Support
seo reporting automation for small businesses,1,Marketing
manual data entry reconciliation for small businesses,1,Operations
email outreach tracking for small businesses,1,Operations
invoice processing synchronization for recruitment agencies,1,Finance
bookkeeping automation for shopify stores,1,Finance
email outreach optimization for saas teams,1,Operations
email outreach consolidation for small businesses,1,Operations
order processing auditing for agencies,1,Operations
crm updates integration for support teams,1,CRM
recruiting pipeline analysis for logistics companies,1,HR
calendar coordination reconciliation for support teams,1,Support
recruiting pipeline management for recruitment agencies,1,HR
crm updates monitoring for finance teams,1,CRM
excel reporting reconciliation for healthcare clinics,1,Operations
recruiting pipeline monitoring for small businesses,1,HR
qa checklist monitoring for education businesses,1,Operations
support ticket triage reconciliation for logistics companies,1,Support
timesheet processing optimization for support teams,1,Support
copy paste reconciliation for education businesses,1,Operations
calendar coordination reporting for shopify stores,1,Ecommerce
qa checklist consolidation for healthcare clinics,1,Operations
inventory updates validation for recruitment agencies,1,Operations
dashboard updates tracking for support teams,1,Support
project status updates validation for education businesses,1,Operations
social media reporting analysis for support teams,1,Support
social media reporting optimization for logistics companies,1,Marketing
dashboard updates consolidation for startups,1,Operations
recruiting pipeline management for sales teams,1,HR
lead generation reconciliation for saas teams,1,Operations
recruiting pipeline analysis for healthcare clinics,1,HR
lead generation automation for support teams,1,Support
email outreach reconciliation for recruitment agencies,1,HR
dashboard updates monitoring for small businesses,1,Operations
order processing auditing for logistics companies,1,Operations
billing operations automation for operations teams,1,Operations
calendar coordination reconciliation for shopify stores,1,Ecommerce
qa checklist consolidation for startups,1,Operations
order processing synchronization for small businesses,1,Operations
timesheet processing auditing for support teams,1,Support
email outreach analysis for agencies,1,Operations
project status updates integration for logistics companies,1,Operations
timesheet processing synchronization for recruitment agencies,1,HR
recruiting pipeline tracking for operations teams,1,HR
lead generation analysis for ecommerce brands,1,Operations
project status updates synchronization for operations teams,1,Operations
support ticket triage migration for support teams,1,Support
calendar coordination validation for healthcare clinics,1,Operations
bookkeeping reporting for saas teams,1,Finance
billing operations integration for shopify stores,1,Ecommerce
qa checklist synchronization for healthcare clinics,1,Operations
invoice processing cleanup for healthcare clinics,1,Finance
recruiting pipeline consolidation for recruitment agencies,1,HR
recruiting pipeline analysis for saas teams,1,HR
email outreach synchronization for education businesses,1,Operations
vendor management consolidation for education businesses,1,Operations
timesheet processing monitoring for finance teams,1,Operations
calendar coordination consolidation for small businesses,1,Operations
project status updates consolidation for saas teams,1,Operations
vendor management auditing for operations teams,1,Operations
seo reporting reconciliation for logistics companies,1,Marketing
calendar coordination monitoring for healthcare clinics,1,Operations
calendar coordination consolidation for agencies,1,Operations
social media reporting tracking for agencies,1,Marketing
email outreach reconciliation for saas teams,1,Operations
order processing auditing for small businesses,1,Operations
order processing analysis for startups,1,Operations
seo reporting management for agencies,1,Marketing
inventory updates auditing for support teams,1,Support
order processing optimization for recruitment agencies,1,HR
lead generation tracking for logistics companies,1,Operations
lead generation cleanup for ecommerce brands,1,Operations
calendar coordination consolidation for startups,1,Operations
bookkeeping reporting for finance teams,1,Finance
copy paste validation for education businesses,1,Operations
crm updates monitoring for shopify stores,1,CRM
lead generation auditing for education businesses,1,Operations
copy paste migration for healthcare clinics,1,Operations
crm updates reconciliation for recruitment agencies,1,CRM
invoice processing automation for education businesses,1,Finance
inventory updates validation for education businesses,1,Operations
vendor management reporting for startups,1,Operations
bookkeeping management for recruitment agencies,1,Finance
billing operations analysis for operations teams,1,Operations
inventory updates consolidation for startups,1,Operations
project status updates validation for shopify stores,1,Ecommerce
support ticket triage auditing for operations teams,1,Support
vendor management tracking for startups,1,Operations
calendar coordination migration for shopify stores,1,Ecommerce
bookkeeping migration for saas teams,1,Finance
invoice processing tracking for sales teams,1,Finance
dashboard updates integration for support teams,1,Support
seo reporting management for support teams,1,Support
billing operations reporting for agencies,1,Operations
social media reporting management for recruitment agencies,1,Marketing
excel reporting synchronization for recruitment agencies,1,HR
bookkeeping migration for sales teams,1,Finance
calendar coordination reporting for logistics companies,1,Operations
recruiting pipeline migration for finance teams,1,HR
social media reporting reconciliation for ecommerce brands,1,Marketing
email outreach synchronization for logistics companies,1,Operations
excel reporting cleanup for finance teams,1,Operations
bookkeeping management for ecommerce brands,1,Finance
order processing integration for education businesses,1,Operations
copy paste cleanup for logistics companies,1,Operations
billing operations tracking for recruitment agencies,1,HR
project status updates optimization for healthcare clinics,1,Operations
billing operations reporting for sales teams,1,Operations
order processing auditing for startups,1,Operations
billing operations reconciliation for ecommerce brands,1,Operations
social media reporting reconciliation for saas teams,1,Marketing
qa checklist validation for support teams,1,Support
recruiting pipeline integration for support teams,1,Support
excel reporting auditing for recruitment agencies,1,HR
qa checklist tracking for agencies,1,Operations
billing operations monitoring for shopify stores,1,Ecommerce
invoice processing auditing for finance teams,1,Finance
billing operations synchronization for finance teams,1,Operations
recruiting pipeline optimization for small businesses,1,HR
order processing cleanup for saas teams,1,Operations
vendor management automation for shopify stores,1,Ecommerce
bookkeeping reporting for logistics companies,1,Finance
vendor management auditing for sales teams,1,Operations
timesheet processing validation for recruitment agencies,1,HR
seo reporting auditing for healthcare clinics,1,Marketing
manual data entry migration for sales teams,1,Operations
order processing reporting for saas teams,1,Operations
calendar coordination cleanup for sales teams,1,Operations
manual data entry integration for agencies,1,Operations
qa checklist analysis for support teams,1,Support
timesheet processing validation for saas teams,1,Operations
bookkeeping synchronization for sales teams,1,Finance
qa checklist consolidation for finance teams,1,Operations
manual data entry optimization for education businesses,1,Operations
bookkeeping validation for education businesses,1,Finance
manual data entry reconciliation for recruitment agencies,1,HR
manual data entry analysis for healthcare clinics,1,Operations
lead generation automation for startups,1,Operations
lead generation cleanup for startups,1,Operations
manual data entry tracking for saas teams,1,Operations
seo reporting reporting for support teams,1,Support
recruiting pipeline reconciliation for support teams,1,Support
invoice processing management for saas teams,1,Finance
billing operations synchronization for small businesses,1,Operations
manual data entry optimization for finance teams,1,Operations
copy paste management for support teams,1,Support
order processing migration for logistics companies,1,Operations
billing operations validation for recruitment agencies,1,HR
copy paste synchronization for operations teams,1,Operations
lead generation monitoring for saas teams,1,Operations
billing operations automation for logistics companies,1,Operations
crm updates cleanup for operations teams,1,CRM
invoice processing integration for small businesses,1,Finance
excel reporting consolidation for small businesses,1,Operations
seo reporting tracking for finance teams,1,Marketing
crm updates monitoring for sales teams,1,CRM
bookkeeping tracking for healthcare clinics,1,Finance
social media reporting synchronization for sales teams,1,Marketing
recruiting pipeline auditing for finance teams,1,HR
order processing automation for startups,1,Operations
support ticket triage analysis for recruitment agencies,1,Support
timesheet processing automation for operations teams,1,Operations
seo reporting analysis for sales teams,1,Marketing
manual data entry reporting for saas teams,1,Operations
calendar coordination validation for support teams,1,Support
manual data entry automation for support teams,1,Support
lead generation tracking for operations teams,1,Operations
seo reporting monitoring for education businesses,1,Marketing
recruiting pipeline integration for small businesses,1,HR
support ticket triage auditing for logistics companies,1,Support
dashboard updates reconciliation for sales teams,1,Operations
email outreach management for healthcare clinics,1,Operations
copy paste validation for agencies,1,Operations
qa checklist optimization for support teams,1,Support
billing operations monitoring for sales teams,1,Operations
qa checklist reconciliation for finance teams,1,Operations
copy paste optimization for sales teams,1,Operations
bookkeeping reporting for education businesses,1,Finance
timesheet processing reconciliation for sales teams,1,Operations
inventory updates analysis for education businesses,1,Operations
excel reporting validation for agencies,1,Operations
crm updates analysis for logistics companies,1,CRM
crm updates monitoring for ecommerce brands,1,CRM
calendar coordination consolidation for sales teams,1,Operations
crm updates monitoring for logistics companies,1,CRM
crm updates analysis for recruitment agencies,1,CRM
billing operations analysis for recruitment agencies,1,HR
dashboard updates migration for agencies,1,Operations
vendor management integration for ecommerce brands,1,Operations
email outreach consolidation for recruitment agencies,1,HR
calendar coordination validation for recruitment agencies,1,HR
seo reporting tracking for startups,1,Marketing
social media reporting analysis for startups,1,Marketing
excel reporting consolidation for logistics companies,1,Operations
dashboard updates validation for saas teams,1,Operations
lead generation validation for logistics companies,1,Operations
support ticket triage migration for education businesses,1,Support
project status updates monitoring for logistics companies,1,Operations
manual data entry monitoring for agencies,1,Operations
manual data entry consolidation for healthcare clinics,1,Operations
bookkeeping optimization for startups,1,Finance
manual data entry analysis for saas teams,1,Operations
dashboard updates management for support teams,1,Support
crm updates cleanup for small businesses,1,CRM
invoice processing management for logistics companies,1,Finance
manual data entry migration for operations teams,1,Operations
excel reporting automation for education businesses,1,Operations
qa checklist automation for education businesses,1,Operations
social media reporting consolidation for education businesses,1,Marketing
seo reporting reporting for finance teams,1,Marketing
excel reporting optimization for recruitment agencies,1,HR
billing operations validation for agencies,1,Operations
project status updates automation for sales teams,1,Operations
manual data entry reporting for startups,1,Operations
project status updates auditing for finance teams,1,Operations
calendar coordination optimization for finance teams,1,Operations
order processing auditing for shopify stores,1,Ecommerce
project status updates reconciliation for saas teams,1,Operations
invoice processing integration for operations teams,1,Finance
bookkeeping migration for recruitment agencies,1,Finance
vendor management reconciliation for shopify stores,1,Ecommerce
excel reporting monitoring for sales teams,1,Operations
social media reporting cleanup for small businesses,1,Marketing
invoice processing automation for recruitment agencies,1,Finance
qa checklist optimization for education businesses,1,Operations
copy paste optimization for saas teams,1,Operations
invoice processing migration for saas teams,1,Finance
vendor management automation for recruitment agencies,1,HR
excel reporting validation for recruitment agencies,1,HR
qa checklist reconciliation for logistics companies,1,Operations
seo reporting monitoring for agencies,1,Marketing
calendar coordination optimization for ecommerce brands,1,Operations
recruiting pipeline reconciliation for shopify stores,1,Ecommerce
bookkeeping monitoring for saas teams,1,Finance
seo reporting validation for logistics companies,1,Marketing
calendar coordination auditing for education businesses,1,Operations
email outreach management for saas teams,1,Operations
copy paste tracking for shopify stores,1,Ecommerce
invoice processing optimization for operations teams,1,Finance
timesheet processing analysis for small businesses,1,Operations
support ticket triage reconciliation for agencies,1,Support
copy paste analysis for shopify stores,1,Ecommerce
recruiting pipeline automation for agencies,1,HR
timesheet processing automation for small businesses,1,Operations
recruiting pipeline integration for saas teams,1,HR
timesheet processing cleanup for recruitment agencies,1,HR
invoice processing auditing for logistics companies,1,Finance
bookkeeping cleanup for agencies,1,Finance
manual data entry analysis for shopify stores,1,Ecommerce
seo reporting synchronization for agencies,1,Marketing
bookkeeping integration for support teams,1,Finance
recruiting pipeline management for agencies,1,HR
excel reporting validation for education businesses,1,Operations
dashboard updates optimization for small businesses,1,Operations
bookkeeping tracking for ecommerce brands,1,Finance
vendor management reconciliation for operations teams,1,Operations
timesheet processing auditing for agencies,1,Operations
manual data entry validation for logistics companies,1,Operations
order processing monitoring for startups,1,Operations
bookkeeping synchronization for startups,1,Finance
recruiting pipeline tracking for healthcare clinics,1,HR
calendar coordination tracking for recruitment agencies,1,HR
seo reporting tracking for logistics companies,1,Marketing
social media reporting migration for support teams,1,Support
lead generation management for logistics companies,1,Operations
email outreach automation for recruitment agencies,1,HR
vendor management optimization for sales teams,1,Operations
order processing synchronization for saas teams,1,Operations
vendor management analysis for healthcare clinics,1,Operations
order processing cleanup for healthcare clinics,1,Operations
invoice processing consolidation for education businesses,1,Finance
qa checklist optimization for finance teams,1,Operations
billing operations reporting for finance teams,1,Operations
timesheet processing automation for agencies,1,Operations
vendor management analysis for small businesses,1,Operations
qa checklist analysis for shopify stores,1,Ecommerce
excel reporting consolidation for agencies,1,Operations
recruiting pipeline validation for education businesses,1,HR
copy paste integration for small businesses,1,Operations
support ticket triage optimization for operations teams,1,Support
copy paste optimization for support teams,1,Support
lead generation tracking for shopify stores,1,Ecommerce
lead generation tracking for saas teams,1,Operations
bookkeeping reconciliation for education businesses,1,Finance
crm updates consolidation for recruitment agencies,1,CRM
email outreach integration for shopify stores,1,Ecommerce
email outreach migration for sales teams,1,Operations
copy paste tracking for startups,1,Operations
excel reporting migration for logistics companies,1,Operations
crm updates automation for sales teams,1,CRM
order processing integration for operations teams,1,Operations
social media reporting tracking for operations teams,1,Marketing
project status updates monitoring for agencies,1,Operations
inventory updates monitoring for small businesses,1,Operations
recruiting pipeline auditing for agencies,1,HR
vendor management migration for agencies,1,Operations
qa checklist analysis for ecommerce brands,1,Operations
invoice processing consolidation for agencies,1,Finance
copy paste tracking for saas teams,1,Operations
inventory updates integration for finance teams,1,Operations
support ticket triage cleanup for startups,1,Support
lead generation optimization for support teams,1,Support
inventory updates validation for saas teams,1,Operations
crm updates integration for operations teams,1,CRM
seo reporting cleanup for startups,1,Marketing
calendar coordination tracking for saas teams,1,Operations
manual data entry management for finance teams,1,Operations
bookkeeping consolidation for healthcare clinics,1,Finance
recruiting pipeline reporting for small businesses,1,HR
project status updates management for recruitment agencies,1,HR
vendor management validation for ecommerce brands,1,Operations
crm updates reporting for ecommerce brands,1,CRM
excel reporting tracking for finance teams,1,Operations
project status updates management for agencies,1,Operations
invoice processing cleanup for saas teams,1,Finance
calendar coordination monitoring for ecommerce brands,1,Operations
billing operations validation for shopify stores,1,Ecommerce
lead generation consolidation for startups,1,Operations
manual data entry automation for logistics companies,1,Operations
seo reporting reconciliation for saas teams,1,Marketing
crm updates tracking for saas teams,1,CRM
billing operations migration for finance teams,1,Operations
copy paste cleanup for support teams,1,Support
copy paste synchronization for shopify stores,1,Ecommerce
seo reporting integration for support teams,1,Support
qa checklist tracking for logistics companies,1,Operations
crm updates auditing for operations teams,1,CRM
social media reporting consolidation for support teams,1,Support
vendor management synchronization for agencies,1,Operations
bookkeeping automation for small businesses,1,Finance
vendor management auditing for agencies,1,Operations
email outreach automation for logistics companies,1,Operations
crm updates reconciliation for saas teams,1,CRM
inventory updates reporting for sales teams,1,Operations
email outreach cleanup for ecommerce brands,1,Operations
bookkeeping reconciliation for small businesses,1,Finance
calendar coordination analysis for ecommerce brands,1,Operations
social media reporting reporting for logistics companies,1,Marketing
order processing cleanup for recruitment agencies,1,HR
inventory updates consolidation for finance teams,1,Operations
billing operations consolidation for ecommerce brands,1,Operations
seo reporting monitoring for saas teams,1,Marketing
order processing monitoring for finance teams,1,Operations
vendor management analysis for recruitment agencies,1,HR
order processing tracking for recruitment agencies,1,HR
manual data entry tracking for shopify stores,1,Ecommerce
social media reporting integration for support teams,1,Support
order processing automation for agencies,1,Operations
lead generation integration for operations teams,1,Operations
inventory updates optimization for healthcare clinics,1,Operations
invoice processing integration for agencies,1,Finance
support ticket triage synchronization for sales teams,1,Support
excel reporting monitoring for ecommerce brands,1,Operations
crm updates reporting for small businesses,1,CRM
dashboard updates optimization for sales teams,1,Operations
dashboard updates analysis for startups,1,Operations
copy paste auditing for startups,1,Operations
lead generation analysis for education businesses,1,Operations
excel reporting validation for startups,1,Operations
dashboard updates automation for ecommerce brands,1,Operations
project status updates monitoring for recruitment agencies,1,HR
social media reporting optimization for saas teams,1,Marketing
invoice processing synchronization for ecommerce brands,1,Finance
project status updates auditing for education businesses,1,Operations
seo reporting analysis for education businesses,1,Marketing
inventory updates reporting for healthcare clinics,1,Operations
invoice processing migration for sales teams,1,Finance
recruiting pipeline reconciliation for education businesses,1,HR
crm updates optimization for shopify stores,1,CRM
project status updates cleanup for small businesses,1,Operations
dashboard updates validation for ecommerce brands,1,Operations
seo reporting validation for operations teams,1,Marketing
support ticket triage tracking for recruitment agencies,1,Support
manual data entry management for saas teams,1,Operations
calendar coordination monitoring for shopify stores,1,Ecommerce
email outreach consolidation for ecommerce brands,1,Operations
social media reporting monitoring for education businesses,1,Marketing
billing operations validation for logistics companies,1,Operations
vendor management migration for support teams,1,Support
qa checklist auditing for ecommerce brands,1,Operations
dashboard updates management for healthcare clinics,1,Operations
billing operations tracking for healthcare clinics,1,Operations
crm updates auditing for agencies,1,CRM
project status updates auditing for shopify stores,1,Ecommerce
excel reporting auditing for operations teams,1,Operations
dashboard updates consolidation for saas teams,1,Operations
email outreach tracking for support teams,1,Support
email outreach analysis for shopify stores,1,Ecommerce
invoice processing management for agencies,1,Finance
copy paste monitoring for operations teams,1,Operations
qa checklist cleanup for education businesses,1,Operations
project status updates automation for small businesses,1,Operations
recruiting pipeline tracking for education businesses,1,HR
order processing reporting for shopify stores,1,Ecommerce
calendar coordination management for recruitment agencies,1,HR
seo reporting automation for support teams,1,Support
project status updates reporting for recruitment agencies,1,HR
inventory updates cleanup for small businesses,1,Operations
manual data entry auditing for agencies,1,Operations
dashboard updates reporting for saas teams,1,Operations
manual data entry consolidation for finance teams,1,Operations
inventory updates optimization for sales teams,1,Operations
calendar coordination synchronization for saas teams,1,Operations
crm updates management for logistics companies,1,CRM
qa checklist optimization for startups,1,Operations
order processing cleanup for operations teams,1,Operations
recruiting pipeline automation for recruitment agencies,1,HR
qa checklist validation for shopify stores,1,Ecommerce
timesheet processing migration for recruitment agencies,1,HR
seo reporting management for ecommerce brands,1,Marketing
recruiting pipeline reconciliation for startups,1,HR
recruiting pipeline automation for healthcare clinics,1,HR
inventory updates cleanup for support teams,1,Support
recruiting pipeline integration for healthcare clinics,1,HR
vendor management monitoring for startups,1,Operations
bookkeeping cleanup for support teams,1,Finance
recruiting pipeline optimization for shopify stores,1,Ecommerce
email outreach reconciliation for agencies,1,Operations
order processing integration for recruitment agencies,1,HR
project status updates migration for small businesses,1,Operations
recruiting pipeline reconciliation for operations teams,1,HR
billing operations management for finance teams,1,Operations
social media reporting auditing for agencies,1,Marketing
timesheet processing monitoring for education businesses,1,Operations
invoice processing automation for sales teams,1,Finance
timesheet processing analysis for sales teams,1,Operations
social media reporting monitoring for recruitment agencies,1,Marketing
lead generation optimization for shopify stores,1,Ecommerce
inventory updates reporting for saas teams,1,Operations
lead generation reporting for shopify stores,1,Ecommerce
vendor management automation for startups,1,Operations
email outreach synchronization for small businesses,1,Operations
inventory updates integration for logistics companies,1,Operations
manual data entry integration for small businesses,1,Operations
support ticket triage migration for logistics companies,1,Support
lead generation cleanup for shopify stores,1,Ecommerce
project status updates reconciliation for operations teams,1,Operations
calendar coordination tracking for ecommerce brands,1,Operations
inventory updates automation for shopify stores,1,Ecommerce
project status updates integration for sales teams,1,Operations
timesheet processing reconciliation for healthcare clinics,1,Operations
vendor management synchronization for support teams,1,Support
recruiting pipeline monitoring for healthcare clinics,1,HR
bookkeeping integration for ecommerce brands,1,Finance
social media reporting management for saas teams,1,Marketing
recruiting pipeline synchronization for agencies,1,HR
email outreach management for agencies,1,Operations
copy paste reconciliation for support teams,1,Support
lead generation management for saas teams,1,Operations
invoice processing monitoring for agencies,1,Finance
order processing optimization for saas teams,1,Operations
calendar coordination migration for support teams,1,Support
support ticket triage validation for sales teams,1,Support
invoice processing optimization for finance teams,1,Finance
crm updates cleanup for finance teams,1,CRM
seo reporting cleanup for education businesses,1,Marketing
social media reporting automation for shopify stores,1,Marketing
support ticket triage management for small businesses,1,Support
manual data entry migration for startups,1,Operations
vendor management validation for startups,1,Operations
copy paste migration for small businesses,1,Operations
qa checklist optimization for sales teams,1,Operations
timesheet processing migration for small businesses,1,Operations
dashboard updates management for logistics companies,1,Operations
order processing reconciliation for recruitment agencies,1,HR
seo reporting migration for healthcare clinics,1,Marketing
email outreach validation for shopify stores,1,Ecommerce
excel reporting management for ecommerce brands,1,Operations
qa checklist automation for support teams,1,Support
project status updates optimization for saas teams,1,Operations
bookkeeping consolidation for education businesses,1,Finance
seo reporting synchronization for education businesses,1,Marketing
lead generation synchronization for agencies,1,Operations
vendor management monitoring for small businesses,1,Operations
support ticket triage consolidation for shopify stores,1,Support
seo reporting reconciliation for finance teams,1,Marketing
support ticket triage management for finance teams,1,Support
timesheet processing synchronization for agencies,1,Operations
bookkeeping migration for logistics companies,1,Finance
project status updates monitoring for small businesses,1,Operations
project status updates tracking for support teams,1,Support
crm updates management for small businesses,1,CRM
invoice processing validation for support teams,1,Finance
recruiting pipeline automation for shopify stores,1,Ecommerce
dashboard updates reconciliation for logistics companies,1,Operations
support ticket triage optimization for education businesses,1,Support
excel reporting tracking for support teams,1,Support
lead generation synchronization for ecommerce brands,1,Operations
order processing integration for healthcare clinics,1,Operations
lead generation auditing for support teams,1,Support
lead generation tracking for education businesses,1,Operations
project status updates cleanup for ecommerce brands,1,Operations
project status updates reconciliation for logistics companies,1,Operations
lead generation monitoring for healthcare clinics,1,Operations
lead generation migration for shopify stores,1,Ecommerce
copy paste auditing for agencies,1,Operations
qa checklist reporting for logistics companies,1,Operations
bookkeeping reconciliation for ecommerce brands,1,Finance
recruiting pipeline auditing for shopify stores,1,Ecommerce
inventory updates validation for small businesses,1,Operations
social media reporting integration for education businesses,1,Marketing
inventory updates optimization for agencies,1,Operations
support ticket triage integration for shopify stores,1,Support
support ticket triage integration for support teams,1,Support
email outreach migration for education businesses,1,Operations
excel reporting integration for logistics companies,1,Operations
inventory updates consolidation for education businesses,1,Operations
recruiting pipeline automation for sales teams,1,HR
seo reporting integration for healthcare clinics,1,Marketing
calendar coordination optimization for operations teams,1,Operations
bookkeeping tracking for logistics companies,1,Finance
email outreach auditing for sales teams,1,Operations
invoice processing integration for ecommerce brands,1,Finance
timesheet processing automation for shopify stores,1,Ecommerce
calendar coordination reporting for finance teams,1,Operations
dashboard updates tracking for healthcare clinics,1,Operations
bookkeeping management for education businesses,1,Finance
excel reporting validation for shopify stores,1,Ecommerce
vendor management analysis for shopify stores,1,Ecommerce
support ticket triage synchronization for startups,1,Support
qa checklist optimization for agencies,1,Operations
excel reporting tracking for healthcare clinics,1,Operations
bookkeeping automation for education businesses,1,Finance
timesheet processing tracking for recruitment agencies,1,HR
support ticket triage reconciliation for recruitment agencies,1,Support
calendar coordination synchronization for small businesses,1,Operations
order processing management for small businesses,1,Operations
excel reporting monitoring for recruitment agencies,1,HR
recruiting pipeline reconciliation for small businesses,1,HR
billing operations reconciliation for support teams,1,Support
dashboard updates optimization for support teams,1,Support
vendor management tracking for recruitment agencies,1,HR
qa checklist migration for startups,1,Operations
order processing consolidation for small businesses,1,Operations
invoice processing auditing for small businesses,1,Finance
social media reporting validation for recruitment agencies,1,Marketing
billing operations monitoring for healthcare clinics,1,Operations
calendar coordination tracking for sales teams,1,Operations
invoice processing automation for small businesses,1,Finance
copy paste integration for startups,1,Operations
invoice processing management for ecommerce brands,1,Finance
crm updates automation for education businesses,1,CRM
dashboard updates validation for finance teams,1,Operations
billing operations management for education businesses,1,Operations
copy paste synchronization for education businesses,1,Operations
copy paste management for agencies,1,Operations
social media reporting management for education businesses,1,Marketing
support ticket triage reporting for finance teams,1,Support
seo reporting integration for startups,1,Marketing
social media reporting analysis for education businesses,1,Marketing
qa checklist management for small businesses,1,Operations
project status updates auditing for support teams,1,Support
seo reporting automation for saas teams,1,Marketing
calendar coordination integration for agencies,1,Operations
seo reporting migration for recruitment agencies,1,Marketing
billing operations monitoring for logistics companies,1,Operations
dashboard updates management for agencies,1,Operations
inventory updates automation for finance teams,1,Operations
order processing automation for sales teams,1,Operations
support ticket triage consolidation for logistics companies,1,Support
seo reporting tracking for operations teams,1,Marketing
seo reporting migration for saas teams,1,Marketing
invoice processing monitoring for ecommerce brands,1,Finance
billing operations reporting for shopify stores,1,Ecommerce
social media reporting monitoring for small businesses,1,Marketing
excel reporting optimization for startups,1,Operations
recruiting pipeline consolidation for education businesses,1,HR
seo reporting reconciliation for agencies,1,Marketing
bookkeeping analysis for operations teams,1,Finance
order processing consolidation for support teams,1,Support
qa checklist tracking for saas teams,1,Operations
order processing analysis for support teams,1,Support
inventory updates cleanup for education businesses,1,Operations
timesheet processing automation for healthcare clinics,1,Operations
lead generation consolidation for healthcare clinics,1,Operations
recruiting pipeline tracking for logistics companies,1,HR
recruiting pipeline reporting for healthcare clinics,1,HR
manual data entry reporting for education businesses,1,Operations
billing operations reporting for healthcare clinics,1,Operations
inventory updates monitoring for finance teams,1,Operations
qa checklist monitoring for agencies,1,Operations
project status updates reconciliation for support teams,1,Support
excel reporting analysis for shopify stores,1,Ecommerce
excel reporting management for startups,1,Operations
recruiting pipeline cleanup for logistics companies,1,HR
recruiting pipeline cleanup for recruitment agencies,1,HR
invoice processing automation for logistics companies,1,Finance
qa checklist reconciliation for recruitment agencies,1,HR
dashboard updates validation for sales teams,1,Operations
excel reporting synchronization for saas teams,1,Operations
excel reporting validation for healthcare clinics,1,Operations
crm updates consolidation for education businesses,1,CRM
manual data entry tracking for sales teams,1,Operations
order processing reconciliation for saas teams,1,Operations
timesheet processing synchronization for shopify stores,1,Ecommerce
lead generation auditing for healthcare clinics,1,Operations
billing operations consolidation for education businesses,1,Operations
inventory updates auditing for finance teams,1,Operations
calendar coordination reporting for operations teams,1,Operations
bookkeeping tracking for education businesses,1,Finance
billing operations auditing for logistics companies,1,Operations
dashboard updates synchronization for finance teams,1,Operations
excel reporting cleanup for agencies,1,Operations
seo reporting cleanup for logistics companies,1,Marketing
bookkeeping validation for healthcare clinics,1,Finance
excel reporting migration for sales teams,1,Operations
vendor management analysis for saas teams,1,Operations
order processing reporting for startups,1,Operations
vendor management integration for saas teams,1,Operations
recruiting pipeline management for saas teams,1,HR
order processing analysis for logistics companies,1,Operations
vendor management cleanup for ecommerce brands,1,Operations
inventory updates reporting for startups,1,Operations
calendar coordination auditing for recruitment agencies,1,HR
seo reporting migration for sales teams,1,Marketing
vendor management tracking for support teams,1,Support
billing operations monitoring for operations teams,1,Operations
support ticket triage reporting for operations teams,1,Support
dashboard updates integration for small businesses,1,Operations
vendor management synchronization for operations teams,1,Operations
qa checklist cleanup for recruitment agencies,1,HR
recruiting pipeline optimization for recruitment agencies,1,HR
recruiting pipeline validation for logistics companies,1,HR
support ticket triage validation for saas teams,1,Support
order processing synchronization for sales teams,1,Operations
seo reporting consolidation for recruitment agencies,1,Marketing
recruiting pipeline automation for small businesses,1,HR
order processing management for logistics companies,1,Operations
dashboard updates cleanup for operations teams,1,Operations
order processing optimization for startups,1,Operations
timesheet processing monitoring for small businesses,1,Operations
calendar coordination monitoring for small businesses,1,Operations
lead generation integration for finance teams,1,Operations
lead generation optimization for recruitment agencies,1,HR
social media reporting reconciliation for agencies,1,Marketing
email outreach validation for recruitment agencies,1,HR
support ticket triage synchronization for support teams,1,Support
order processing consolidation for shopify stores,1,Ecommerce
social media reporting integration for sales teams,1,Marketing
recruiting pipeline reconciliation for ecommerce brands,1,HR
order processing management for shopify stores,1,Ecommerce
crm updates validation for logistics companies,1,CRM
manual data entry reconciliation for logistics companies,1,Operations
dashboard updates integration for education businesses,1,Operations
seo reporting automation for healthcare clinics,1,Marketing
recruiting pipeline cleanup for finance teams,1,HR
order processing synchronization for logistics companies,1,Operations
seo reporting reporting for small businesses,1,Marketing
seo reporting reporting for agencies,1,Marketing
lead generation analysis for startups,1,Operations
email outreach migration for agencies,1,Operations
lead generation management for sales teams,1,Operations
billing operations tracking for ecommerce brands,1,Operations
billing operations auditing for support teams,1,Support
recruiting pipeline validation for finance teams,1,HR
support ticket triage analysis for healthcare clinics,1,Support
bookkeeping integration for saas teams,1,Finance
qa checklist analysis for finance teams,1,Operations
manual data entry reconciliation for ecommerce brands,1,Operations
recruiting pipeline reporting for finance teams,1,HR
dashboard updates reconciliation for small businesses,1,Operations
seo reporting monitoring for recruitment agencies,1,Marketing
seo reporting monitoring for operations teams,1,Marketing
billing operations cleanup for support teams,1,Support
order processing monitoring for shopify stores,1,Ecommerce
copy paste validation for saas teams,1,Operations
qa checklist integration for sales teams,1,Operations
calendar coordination reconciliation for recruitment agencies,1,HR
dashboard updates validation for healthcare clinics,1,Operations
support ticket triage monitoring for education businesses,1,Support
support ticket triage management for operations teams,1,Support
calendar coordination automation for operations teams,1,Operations
support ticket triage monitoring for recruitment agencies,1,Support
vendor management reporting for finance teams,1,Operations
social media reporting synchronization for healthcare clinics,1,Marketing
vendor management validation for education businesses,1,Operations
inventory updates cleanup for healthcare clinics,1,Operations
crm updates management for recruitment agencies,1,CRM
project status updates optimization for education businesses,1,Operations
email outreach tracking for saas teams,1,Operations
order processing integration for small businesses,1,Operations
bookkeeping analysis for education businesses,1,Finance
social media reporting synchronization for agencies,1,Marketing
copy paste auditing for saas teams,1,Operations
lead generation validation for ecommerce brands,1,Operations
invoice processing synchronization for support teams,1,Finance
email outreach validation for support teams,1,Support
social media reporting automation for recruitment agencies,1,Marketing
lead generation cleanup for healthcare clinics,1,Operations
support ticket triage management for sales teams,1,Support
excel reporting cleanup for shopify stores,1,Ecommerce
social media reporting consolidation for small businesses,1,Marketing
lead generation management for shopify stores,1,Ecommerce
calendar coordination automation for finance teams,1,Operations
social media reporting auditing for education businesses,1,Marketing
lead generation consolidation for ecommerce brands,1,Operations
social media reporting cleanup for agencies,1,Marketing
inventory updates validation for shopify stores,1,Ecommerce
qa checklist auditing for small businesses,1,Operations
social media reporting optimization for recruitment agencies,1,Marketing
excel reporting optimization for logistics companies,1,Operations
inventory updates analysis for support teams,1,Support
crm updates reconciliation for finance teams,1,CRM
billing operations optimization for sales teams,1,Operations
vendor management migration for startups,1,Operations
email outreach management for operations teams,1,Operations
email outreach consolidation for operations teams,1,Operations
seo reporting analysis for operations teams,1,Marketing
timesheet processing validation for startups,1,Operations
qa checklist tracking for small businesses,1,Operations
vendor management migration for shopify stores,1,Ecommerce
bookkeeping synchronization for shopify stores,1,Finance
qa checklist validation for ecommerce brands,1,Operations
invoice processing validation for finance teams,1,Finance
support ticket triage migration for saas teams,1,Support
seo reporting management for startups,1,Marketing
bookkeeping analysis for recruitment agencies,1,Finance
support ticket triage monitoring for finance teams,1,Support
manual data entry consolidation for education businesses,1,Operations
excel reporting optimization for sales teams,1,Operations
invoice processing management for finance teams,1,Finance
bookkeeping tracking for sales teams,1,Finance
dashboard updates validation for recruitment agencies,1,HR
project status updates tracking for finance teams,1,Operations
manual data entry consolidation for saas teams,1,Operations
project status updates tracking for logistics companies,1,Operations
timesheet processing consolidation for logistics companies,1,Operations
qa checklist cleanup for startups,1,Operations
project status updates analysis for small businesses,1,Operations
crm updates optimization for saas teams,1,CRM
support ticket triage synchronization for shopify stores,1,Support
excel reporting auditing for education businesses,1,Operations
seo reporting auditing for sales teams,1,Marketing
lead generation migration for operations teams,1,Operations
project status updates reporting for ecommerce brands,1,Operations
crm updates synchronization for sales teams,1,CRM
project status updates management for saas teams,1,Operations
social media reporting reporting for sales teams,1,Marketing
dashboard updates automation for saas teams,1,Operations
recruiting pipeline validation for operations teams,1,HR
inventory updates validation for ecommerce brands,1,Operations
invoice processing cleanup for logistics companies,1,Finance
inventory updates optimization for small businesses,1,Operations
excel reporting monitoring for agencies,1,Operations
crm updates reporting for startups,1,CRM
vendor management tracking for education businesses,1,Operations
dashboard updates migration for shopify stores,1,Ecommerce
calendar coordination management for operations teams,1,Operations
lead generation migration for saas teams,1,Operations
copy paste management for startups,1,Operations
qa checklist auditing for recruitment agencies,1,HR
email outreach migration for operations teams,1,Operations
social media reporting reconciliation for logistics companies,1,Marketing
crm updates consolidation for ecommerce brands,1,CRM
lead generation integration for support teams,1,Support
inventory updates monitoring for healthcare clinics,1,Operations
calendar coordination management for small businesses,1,Operations
timesheet processing reconciliation for saas teams,1,Operations
vendor management cleanup for sales teams,1,Operations
calendar coordination analysis for support teams,1,Support
inventory updates tracking for recruitment agencies,1,Operations
lead generation migration for finance teams,1,Operations
project status updates reconciliation for recruitment agencies,1,HR
order processing reconciliation for healthcare clinics,1,Operations
recruiting pipeline synchronization for education businesses,1,HR
calendar coordination reporting for healthcare clinics,1,Operations
excel reporting tracking for startups,1,Operations
qa checklist analysis for recruitment agencies,1,HR
vendor management reconciliation for finance teams,1,Operations
project status updates optimization for finance teams,1,Operations
copy paste monitoring for ecommerce brands,1,Operations
lead generation integration for logistics companies,1,Operations
timesheet processing monitoring for recruitment agencies,1,HR
project status updates validation for agencies,1,Operations
billing operations synchronization for agencies,1,Operations
vendor management optimization for agencies,1,Operations
recruiting pipeline validation for agencies,1,HR
vendor management cleanup for small businesses,1,Operations
excel reporting integration for shopify stores,1,Ecommerce
crm updates auditing for healthcare clinics,1,CRM
billing operations consolidation for recruitment agencies,1,HR
social media reporting tracking for shopify stores,1,Marketing
support ticket triage auditing for healthcare clinics,1,Support
order processing automation for recruitment agencies,1,HR
social media reporting analysis for healthcare clinics,1,Marketing
qa checklist cleanup for ecommerce brands,1,Operations
bookkeeping synchronization for recruitment agencies,1,Finance
bookkeeping analysis for logistics companies,1,Finance
calendar coordination consolidation for operations teams,1,Operations
copy paste reporting for logistics companies,1,Operations
inventory updates validation for finance teams,1,Operations
billing operations automation for support teams,1,Support
copy paste monitoring for finance teams,1,Operations
email outreach monitoring for ecommerce brands,1,Operations
crm updates cleanup for support teams,1,CRM
dashboard updates optimization for shopify stores,1,Ecommerce
billing operations migration for saas teams,1,Operations
billing operations management for support teams,1,Support
lead generation cleanup for education businesses,1,Operations
vendor management monitoring for logistics companies,1,Operations
support ticket triage consolidation for finance teams,1,Support
bookkeeping consolidation for support teams,1,Finance
invoice processing tracking for recruitment agencies,1,Finance
email outreach monitoring for support teams,1,Support
bookkeeping management for startups,1,Finance
vendor management validation for sales teams,1,Operations
qa checklist reporting for ecommerce brands,1,Operations
order processing consolidation for ecommerce brands,1,Operations
calendar coordination management for sales teams,1,Operations
support ticket triage validation for shopify stores,1,Support
crm updates analysis for sales teams,1,CRM
manual data entry integration for operations teams,1,Operations
recruiting pipeline migration for ecommerce brands,1,HR
vendor management migration for sales teams,1,Operations
social media reporting management for operations teams,1,Marketing
inventory updates management for logistics companies,1,Operations
social media reporting synchronization for logistics companies,1,Marketing
qa checklist automation for finance teams,1,Operations
calendar coordination optimization for education businesses,1,Operations
dashboard updates integration for logistics companies,1,Operations
dashboard updates reporting for finance teams,1,Operations
calendar coordination auditing for saas teams,1,Operations
order processing reporting for healthcare clinics,1,Operations
qa checklist synchronization for operations teams,1,Operations
recruiting pipeline consolidation for agencies,1,HR
lead generation reconciliation for education businesses,1,Operations
manual data entry analysis for sales teams,1,Operations
recruiting pipeline tracking for saas teams,1,HR
timesheet processing management for logistics companies,1,Operations
order processing tracking for startups,1,Operations
invoice processing analysis for shopify stores,1,Finance
copy paste optimization for finance teams,1,Operations
recruiting pipeline management for startups,1,HR
manual data entry monitoring for startups,1,Operations
recruiting pipeline integration for sales teams,1,HR
qa checklist monitoring for finance teams,1,Operations
social media reporting consolidation for agencies,1,Marketing
crm updates management for healthcare clinics,1,CRM
calendar coordination automation for agencies,1,Operations
order processing management for saas teams,1,Operations
billing operations monitoring for startups,1,Operations
project status updates tracking for saas teams,1,Operations
copy paste management for recruitment agencies,1,HR
seo reporting integration for finance teams,1,Marketing
email outreach integration for ecommerce brands,1,Operations
inventory updates auditing for startups,1,Operations
dashboard updates analysis for healthcare clinics,1,Operations
email outreach monitoring for healthcare clinics,1,Operations
inventory updates synchronization for healthcare clinics,1,Operations
email outreach analysis for education businesses,1,Operations
crm updates reporting for recruitment agencies,1,CRM
email outreach optimization for finance teams,1,Operations
billing operations tracking for sales teams,1,Operations
project status updates monitoring for startups,1,Operations
bookkeeping validation for sales teams,1,Finance
dashboard updates monitoring for education businesses,1,Operations
copy paste consolidation for small businesses,1,Operations
billing operations reconciliation for logistics companies,1,Operations
qa checklist management for saas teams,1,Operations
bookkeeping monitoring for logistics companies,1,Finance
calendar coordination analysis for operations teams,1,Operations
crm updates integration for healthcare clinics,1,CRM
recruiting pipeline validation for support teams,1,Support
seo reporting validation for agencies,1,Marketing
email outreach optimization for startups,1,Operations
copy paste analysis for startups,1,Operations
qa checklist consolidation for saas teams,1,Operations
calendar coordination management for education businesses,1,Operations
social media reporting auditing for saas teams,1,Marketing
billing operations tracking for small businesses,1,Operations
support ticket triage monitoring for startups,1,Support
crm updates analysis for finance teams,1,CRM
seo reporting auditing for small businesses,1,Marketing
dashboard updates automation for small businesses,1,Operations
dashboard updates optimization for logistics companies,1,Operations
order processing synchronization for shopify stores,1,Ecommerce
email outreach integration for healthcare clinics,1,Operations
order processing tracking for finance teams,1,Operations
recruiting pipeline reconciliation for agencies,1,HR
social media reporting automation for support teams,1,Support
recruiting pipeline automation for logistics companies,1,HR
excel reporting cleanup for healthcare clinics,1,Operations
excel reporting reporting for agencies,1,Operations
bookkeeping consolidation for finance teams,1,Finance
vendor management cleanup for saas teams,1,Operations
manual data entry monitoring for finance teams,1,Operations
invoice processing reconciliation for agencies,1,Finance
timesheet processing migration for operations teams,1,Operations
calendar coordination consolidation for education businesses,1,Operations
order processing validation for support teams,1,Support
billing operations consolidation for startups,1,Operations
excel reporting reconciliation for finance teams,1,Operations
project status updates analysis for recruitment agencies,1,HR
vendor management integration for small businesses,1,Operations
excel reporting monitoring for shopify stores,1,Ecommerce
manual data entry synchronization for healthcare clinics,1,Operations
crm updates auditing for logistics companies,1,CRM
qa checklist monitoring for saas teams,1,Operations
vendor management management for support teams,1,Support
email outreach auditing for education businesses,1,Operations
seo reporting management for sales teams,1,Marketing
qa checklist reporting for agencies,1,Operations
crm updates consolidation for saas teams,1,CRM
project status updates migration for support teams,1,Support
project status updates reconciliation for finance teams,1,Operations
seo reporting validation for startups,1,Marketing
seo reporting reconciliation for education businesses,1,Marketing
timesheet processing synchronization for startups,1,Operations
seo reporting migration for logistics companies,1,Marketing
vendor management automation for support teams,1,Support
qa checklist integration for operations teams,1,Operations
recruiting pipeline reporting for agencies,1,HR
social media reporting tracking for support teams,1,Support
invoice processing monitoring for support teams,1,Finance
inventory updates monitoring for education businesses,1,Operations
copy paste optimization for recruitment agencies,1,HR
inventory updates reconciliation for sales teams,1,Operations
manual data entry optimization for recruitment agencies,1,HR
invoice processing reconciliation for startups,1,Finance
order processing optimization for ecommerce brands,1,Operations
order processing consolidation for startups,1,Operations
excel reporting validation for finance teams,1,Operations
recruiting pipeline monitoring for education businesses,1,HR
order processing analysis for ecommerce brands,1,Operations
timesheet processing migration for logistics companies,1,Operations
calendar coordination synchronization for agencies,1,Operations
dashboard updates synchronization for healthcare clinics,1,Operations
recruiting pipeline integration for agencies,1,HR
calendar coordination analysis for startups,1,Operations
social media reporting analysis for sales teams,1,Marketing
copy paste optimization for healthcare clinics,1,Operations
order processing automation for support teams,1,Support
calendar coordination reporting for startups,1,Operations
vendor management management for recruitment agencies,1,HR
qa checklist reconciliation for startups,1,Operations
email outreach management for education businesses,1,Operations
excel reporting management for logistics companies,1,Operations
invoice processing monitoring for small businesses,1,Finance
inventory updates auditing for ecommerce brands,1,Operations
billing operations auditing for finance teams,1,Operations
dashboard updates analysis for saas teams,1,Operations
bookkeeping monitoring for ecommerce brands,1,Finance
lead generation synchronization for shopify stores,1,Ecommerce
invoice processing monitoring for recruitment agencies,1,Finance
excel reporting reporting for ecommerce brands,1,Operations
calendar coordination automation for recruitment agencies,1,HR
manual data entry optimization for healthcare clinics,1,Operations
calendar coordination migration for healthcare clinics,1,Operations
support ticket triage validation for ecommerce brands,1,Support
dashboard updates synchronization for startups,1,Operations
qa checklist reporting for shopify stores,1,Ecommerce
email outreach auditing for recruitment agencies,1,HR
project status updates validation for ecommerce brands,1,Operations
invoice processing analysis for recruitment agencies,1,Finance
manual data entry auditing for logistics companies,1,Operations
vendor management auditing for small businesses,1,Operations
bookkeeping auditing for agencies,1,Finance
invoice processing analysis for support teams,1,Finance
recruiting pipeline monitoring for shopify stores,1,Ecommerce
lead generation tracking for support teams,1,Support
email outreach reporting for healthcare clinics,1,Operations
calendar coordination optimization for small businesses,1,Operations
calendar coordination monitoring for support teams,1,Support
lead generation auditing for recruitment agencies,1,HR
invoice processing reporting for agencies,1,Finance
dashboard updates migration for saas teams,1,Operations
manual data entry cleanup for support teams,1,Support
copy paste consolidation for startups,1,Operations
manual data entry management for support teams,1,Support
email outreach validation for ecommerce brands,1,Operations
excel reporting monitoring for education businesses,1,Operations
lead generation monitoring for operations teams,1,Operations
support ticket triage reporting for ecommerce brands,1,Support
dashboard updates cleanup for healthcare clinics,1,Operations
vendor management automation for agencies,1,Operations
social media reporting integration for ecommerce brands,1,Marketing
lead generation synchronization for recruitment agencies,1,HR
inventory updates consolidation for agencies,1,Operations
social media reporting reconciliation for small businesses,1,Marketing
inventory updates reporting for ecommerce brands,1,Operations
manual data entry consolidation for ecommerce brands,1,Operations
invoice processing cleanup for finance teams,1,Finance
seo reporting validation for education businesses,1,Marketing
dashboard updates auditing for startups,1,Operations
vendor management cleanup for logistics companies,1,Operations
invoice processing consolidation for logistics companies,1,Finance
order processing optimization for small businesses,1,Operations
support ticket triage validation for education businesses,1,Support
order processing monitoring for logistics companies,1,Operations
copy paste automation for operations teams,1,Operations
social media reporting reconciliation for support teams,1,Support
manual data entry integration for healthcare clinics,1,Operations
dashboard updates migration for recruitment agencies,1,HR
email outreach validation for logistics companies,1,Operations
invoice processing optimization for logistics companies,1,Finance
billing operations monitoring for education businesses,1,Operations
qa checklist reconciliation for agencies,1,Operations
billing operations integration for startups,1,Operations
timesheet processing cleanup for sales teams,1,Operations
qa checklist reporting for healthcare clinics,1,Operations
timesheet processing validation for finance teams,1,Operations
vendor management synchronization for recruitment agencies,1,HR
timesheet processing analysis for logistics companies,1,Operations
timesheet processing management for agencies,1,Operations
billing operations synchronization for shopify stores,1,Ecommerce
calendar coordination automation for logistics companies,1,Operations
qa checklist automation for recruitment agencies,1,HR
calendar coordination synchronization for ecommerce brands,1,Operations
order processing reporting for operations teams,1,Operations
support ticket triage cleanup for operations teams,1,Support
timesheet processing integration for education businesses,1,Operations
seo reporting consolidation for logistics companies,1,Marketing
billing operations automation for ecommerce brands,1,Operations
vendor management tracking for logistics companies,1,Operations
crm updates tracking for small businesses,1,CRM
email outreach tracking for sales teams,1,Operations
calendar coordination optimization for saas teams,1,Operations
qa checklist integration for support teams,1,Support
order processing migration for recruitment agencies,1,HR
bookkeeping integration for sales teams,1,Finance
qa checklist analysis for sales teams,1,Operations
project status updates migration for sales teams,1,Operations
vendor management auditing for logistics companies,1,Operations
order processing tracking for operations teams,1,Operations
vendor management optimization for small businesses,1,Operations
support ticket triage tracking for ecommerce brands,1,Support
inventory updates automation for support teams,1,Support
billing operations management for startups,1,Operations
project status updates integration for recruitment agencies,1,HR
invoice processing consolidation for sales teams,1,Finance
dashboard updates cleanup for sales teams,1,Operations
bookkeeping consolidation for small businesses,1,Finance
email outreach analysis for logistics companies,1,Operations
invoice processing analysis for sales teams,1,Finance
order processing management for operations teams,1,Operations
timesheet processing optimization for healthcare clinics,1,Operations
recruiting pipeline tracking for shopify stores,1,Ecommerce
email outreach consolidation for shopify stores,1,Ecommerce
crm updates reporting for sales teams,1,CRM
crm updates integration for education businesses,1,CRM
crm updates tracking for sales teams,1,CRM
crm updates automation for agencies,1,CRM
order processing cleanup for ecommerce brands,1,Operations
recruiting pipeline auditing for logistics companies,1,HR
recruiting pipeline integration for operations teams,1,HR
inventory updates consolidation for support teams,1,Support
dashboard updates reporting for logistics companies,1,Operations
excel reporting auditing for logistics companies,1,Operations
calendar coordination integration for education businesses,1,Operations
recruiting pipeline optimization for startups,1,HR
qa checklist automation for startups,1,Operations
seo reporting consolidation for agencies,1,Marketing
copy paste integration for operations teams,1,Operations
crm updates automation for saas teams,1,CRM
vendor management monitoring for support teams,1,Support
invoice processing migration for ecommerce brands,1,Finance
crm updates validation for startups,1,CRM
support ticket triage integration for ecommerce brands,1,Support
inventory updates analysis for logistics companies,1,Operations
invoice processing tracking for finance teams,1,Finance
social media reporting automation for operations teams,1,Marketing
project status updates reconciliation for sales teams,1,Operations
social media reporting auditing for support teams,1,Support
manual data entry cleanup for saas teams,1,Operations
dashboard updates consolidation for small businesses,1,Operations
support ticket triage auditing for recruitment agencies,1,Support
email outreach reporting for education businesses,1,Operations
billing operations integration for healthcare clinics,1,Operations
calendar coordination optimization for shopify stores,1,Ecommerce
lead generation integration for small businesses,1,Operations
social media reporting validation for ecommerce brands,1,Marketing
order processing cleanup for startups,1,Operations
billing operations reporting for support teams,1,Support
vendor management auditing for recruitment agencies,1,HR
dashboard updates auditing for operations teams,1,Operations
billing operations integration for recruitment agencies,1,HR
lead generation integration for recruitment agencies,1,HR
order processing analysis for finance teams,1,Operations
dashboard updates integration for operations teams,1,Operations
vendor management tracking for finance teams,1,Operations
lead generation validation for small businesses,1,Operations
excel reporting cleanup for sales teams,1,Operations
copy paste consolidation for healthcare clinics,1,Operations
vendor management consolidation for startups,1,Operations
lead generation auditing for logistics companies,1,Operations
excel reporting validation for saas teams,1,Operations
invoice processing auditing for recruitment agencies,1,Finance
bookkeeping consolidation for agencies,1,Finance
order processing consolidation for agencies,1,Operations
project status updates optimization for recruitment agencies,1,HR
copy paste synchronization for finance teams,1,Operations
social media reporting reporting for small businesses,1,Marketing
social media reporting integration for agencies,1,Marketing
inventory updates integration for education businesses,1,Operations
billing operations cleanup for small businesses,1,Operations
excel reporting analysis for education businesses,1,Operations
inventory updates consolidation for logistics companies,1,Operations
order processing reconciliation for operations teams,1,Operations
order processing consolidation for saas teams,1,Operations
timesheet processing reporting for ecommerce brands,1,Operations
order processing optimization for agencies,1,Operations
order processing management for sales teams,1,Operations
crm updates management for sales teams,1,CRM
project status updates reporting for saas teams,1,Operations
calendar coordination tracking for logistics companies,1,Operations
dashboard updates integration for healthcare clinics,1,Operations
qa checklist monitoring for startups,1,Operations
recruiting pipeline auditing for small businesses,1,HR
invoice processing synchronization for sales teams,1,Finance
manual data entry validation for sales teams,1,Operations
crm updates cleanup for sales teams,1,CRM
support ticket triage synchronization for operations teams,1,Support
copy paste analysis for finance teams,1,Operations
inventory updates monitoring for sales teams,1,Operations
lead generation automation for ecommerce brands,1,Operations
project status updates tracking for shopify stores,1,Ecommerce
copy paste reporting for agencies,1,Operations
billing operations automation for startups,1,Operations
support ticket triage validation for finance teams,1,Support
support ticket triage optimization for startups,1,Support
vendor management monitoring for agencies,1,Operations
inventory updates optimization for shopify stores,1,Ecommerce
crm updates monitoring for agencies,1,CRM
excel reporting tracking for ecommerce brands,1,Operations
email outreach validation for operations teams,1,Operations
timesheet processing reporting for startups,1,Operations
social media reporting validation for operations teams,1,Marketing
excel reporting optimization for healthcare clinics,1,Operations
support ticket triage automation for small businesses,1,Support
order processing integration for sales teams,1,Operations
support ticket triage auditing for saas teams,1,Support
excel reporting consolidation for healthcare clinics,1,Operations
billing operations optimization for operations teams,1,Operations
seo reporting reporting for saas teams,1,Marketing
copy paste integration for sales teams,1,Operations
billing operations analysis for healthcare clinics,1,Operations
billing operations tracking for education businesses,1,Operations
copy paste management for finance teams,1,Operations
manual data entry validation for shopify stores,1,Ecommerce
social media reporting consolidation for healthcare clinics,1,Marketing
timesheet processing analysis for operations teams,1,Operations
billing operations integration for sales teams,1,Operations
project status updates cleanup for finance teams,1,Operations
social media reporting tracking for small businesses,1,Marketing
project status updates monitoring for sales teams,1,Operations
copy paste management for sales teams,1,Operations
excel reporting consolidation for shopify stores,1,Ecommerce
bookkeeping cleanup for small businesses,1,Finance
bookkeeping auditing for operations teams,1,Finance
timesheet processing management for shopify stores,1,Ecommerce
support ticket triage tracking for startups,1,Support
copy paste optimization for logistics companies,1,Operations
billing operations management for shopify stores,1,Ecommerce
lead generation reconciliation for startups,1,Operations
inventory updates tracking for sales teams,1,Operations
timesheet processing optimization for startups,1,Operations
vendor management consolidation for ecommerce brands,1,Operations
dashboard updates tracking for recruitment agencies,1,HR
project status updates management for sales teams,1,Operations
email outreach validation for saas teams,1,Operations
billing operations auditing for shopify stores,1,Ecommerce
calendar coordination reconciliation for logistics companies,1,Operations
support ticket triage automation for recruitment agencies,1,Support
support ticket triage analysis for support teams,1,Support
dashboard updates reporting for recruitment agencies,1,HR
vendor management optimization for logistics companies,1,Operations
seo reporting reporting for logistics companies,1,Marketing
vendor management cleanup for startups,1,Operations
excel reporting validation for ecommerce brands,1,Operations
crm updates cleanup for recruitment agencies,1,CRM
crm updates synchronization for recruitment agencies,1,CRM
invoice processing reconciliation for education businesses,1,Finance
lead generation synchronization for healthcare clinics,1,Operations
vendor management migration for saas teams,1,Operations
social media reporting auditing for operations teams,1,Marketing
social media reporting validation for startups,1,Marketing
vendor management management for small businesses,1,Operations
inventory updates synchronization for ecommerce brands,1,Operations
qa checklist management for logistics companies,1,Operations
support ticket triage reconciliation for startups,1,Support
social media reporting migration for small businesses,1,Marketing
project status updates migration for shopify stores,1,Ecommerce
social media reporting reporting for shopify stores,1,Marketing
support ticket triage reconciliation for saas teams,1,Support
copy paste integration for saas teams,1,Operations
crm updates optimization for startups,1,CRM
inventory updates integration for sales teams,1,Operations
social media reporting consolidation for finance teams,1,Marketing
inventory updates analysis for saas teams,1,Operations
inventory updates automation for recruitment agencies,1,Operations
seo reporting integration for recruitment agencies,1,Marketing
copy paste consolidation for shopify stores,1,Ecommerce
calendar coordination reporting for saas teams,1,Operations
recruiting pipeline analysis for education businesses,1,HR
excel reporting integration for saas teams,1,Operations
timesheet processing automation for finance teams,1,Operations
project status updates validation for small businesses,1,Operations
lead generation automation for logistics companies,1,Operations
email outreach integration for recruitment agencies,1,HR
recruiting pipeline analysis for support teams,1,Support
social media reporting analysis for agencies,1,Marketing
email outreach reconciliation for operations teams,1,Operations
dashboard updates automation for healthcare clinics,1,Operations
crm updates cleanup for ecommerce brands,1,CRM
inventory updates cleanup for shopify stores,1,Ecommerce
manual data entry migration for agencies,1,Operations
order processing auditing for support teams,1,Support
seo reporting optimization for agencies,1,Marketing
dashboard updates monitoring for logistics companies,1,Operations
email outreach tracking for startups,1,Operations
dashboard updates integration for saas teams,1,Operations
project status updates validation for support teams,1,Support
excel reporting tracking for recruitment agencies,1,HR
email outreach cleanup for operations teams,1,Operations
timesheet processing optimization for education businesses,1,Operations
inventory updates management for operations teams,1,Operations
copy paste integration for recruitment agencies,1,HR
timesheet processing management for recruitment agencies,1,HR
vendor management validation for agencies,1,Operations
billing operations auditing for recruitment agencies,1,HR
manual data entry synchronization for small businesses,1,Operations
order processing validation for startups,1,Operations
vendor management integration for recruitment agencies,1,HR
inventory updates auditing for operations teams,1,Operations
calendar coordination auditing for sales teams,1,Operations
recruiting pipeline auditing for operations teams,1,HR
billing operations auditing for agencies,1,Operations
calendar coordination cleanup for healthcare clinics,1,Operations
order processing migration for ecommerce brands,1,Operations
lead generation integration for healthcare clinics,1,Operations
vendor management reporting for logistics companies,1,Operations
qa checklist auditing for shopify stores,1,Ecommerce
support ticket triage monitoring for support teams,1,Support
dashboard updates validation for small businesses,1,Operations
lead generation cleanup for agencies,1,Operations
seo reporting management for recruitment agencies,1,Marketing
bookkeeping analysis for finance teams,1,Finance
invoice processing reconciliation for recruitment agencies,1,Finance
lead generation monitoring for startups,1,Operations
invoice processing management for healthcare clinics,1,Finance
bookkeeping auditing for startups,1,Finance
qa checklist synchronization for education businesses,1,Operations
manual data entry tracking for ecommerce brands,1,Operations
copy paste management for shopify stores,1,Ecommerce
excel reporting monitoring for saas teams,1,Operations
order processing monitoring for operations teams,1,Operations
timesheet processing validation for education businesses,1,Operations
vendor management auditing for education businesses,1,Operations
inventory updates automation for ecommerce brands,1,Operations
calendar coordination optimization for startups,1,Operations
support ticket triage integration for small businesses,1,Support
excel reporting consolidation for support teams,1,Support
bookkeeping integration for education businesses,1,Finance
lead generation tracking for sales teams,1,Operations
billing operations analysis for finance teams,1,Operations
recruiting pipeline reporting for startups,1,HR
lead generation reporting for saas teams,1,Operations
support ticket triage reconciliation for education businesses,1,Support
invoice processing reporting for shopify stores,1,Finance
bookkeeping optimization for education businesses,1,Finance
email outreach management for startups,1,Operations
recruiting pipeline consolidation for shopify stores,1,Ecommerce
seo reporting integration for shopify stores,1,Marketing
timesheet processing validation for support teams,1,Support
email outreach optimization for shopify stores,1,Ecommerce
email outreach analysis for operations teams,1,Operations
bookkeeping optimization for operations teams,1,Finance
copy paste consolidation for education businesses,1,Operations
manual data entry reconciliation for support teams,1,Support
dashboard updates automation for recruitment agencies,1,HR
dashboard updates reconciliation for shopify stores,1,Ecommerce
crm updates automation for support teams,1,CRM
copy paste automation for small businesses,1,Operations
billing operations consolidation for saas teams,1,Operations
excel reporting analysis for sales teams,1,Operations
excel reporting management for shopify stores,1,Ecommerce
timesheet processing auditing for saas teams,1,Operations
inventory updates management for startups,1,Operations
order processing reporting for ecommerce brands,1,Operations
crm updates management for shopify stores,1,CRM
inventory updates analysis for recruitment agencies,1,Operations
qa checklist synchronization for support teams,1,Support
email outreach tracking for healthcare clinics,1,Operations
order processing cleanup for shopify stores,1,Ecommerce
invoice processing tracking for logistics companies,1,Finance
vendor management monitoring for recruitment agencies,1,HR
social media reporting synchronization for operations teams,1,Marketing
manual data entry consolidation for logistics companies,1,Operations
social media reporting migration for healthcare clinics,1,Marketing
qa checklist reporting for saas teams,1,Operations
recruiting pipeline optimization for support teams,1,Support
project status updates cleanup for healthcare clinics,1,Operations
dashboard updates synchronization for saas teams,1,Operations
excel reporting automation for finance teams,1,Operations
seo reporting monitoring for support teams,1,Support
recruiting pipeline validation for saas teams,1,HR
manual data entry management for healthcare clinics,1,Operations
inventory updates synchronization for finance teams,1,Operations
inventory updates analysis for small businesses,1,Operations
seo reporting cleanup for healthcare clinics,1,Marketing
recruiting pipeline cleanup for support teams,1,Support
crm updates integration for recruitment agencies,1,CRM
timesheet processing reporting for small businesses,1,Operations
bookkeeping reporting for ecommerce brands,1,Finance
dashboard updates synchronization for sales teams,1,Operations
excel reporting auditing for startups,1,Operations
manual data entry integration for finance teams,1,Operations
calendar coordination synchronization for education businesses,1,Operations
timesheet processing analysis for education businesses,1,Operations
excel reporting reconciliation for support teams,1,Support
dashboard updates management for education businesses,1,Operations
calendar coordination reconciliation for agencies,1,Operations
email outreach cleanup for support teams,1,Support
invoice processing migration for startups,1,Finance
project status updates migration for recruitment agencies,1,HR
vendor management management for healthcare clinics,1,Operations
project status updates automation for saas teams,1,Operations
order processing tracking for support teams,1,Support
social media reporting reporting for recruitment agencies,1,Marketing
inventory updates synchronization for sales teams,1,Operations
seo reporting tracking for ecommerce brands,1,Marketing
timesheet processing integration for recruitment agencies,1,HR
support ticket triage migration for agencies,1,Support
dashboard updates synchronization for agencies,1,Operations
vendor management cleanup for operations teams,1,Operations
qa checklist migration for sales teams,1,Operations
support ticket triage auditing for sales teams,1,Support
excel reporting optimization for agencies,1,Operations
lead generation automation for saas teams,1,Operations
timesheet processing synchronization for logistics companies,1,Operations
inventory updates management for small businesses,1,Operations
timesheet processing reporting for operations teams,1,Operations
seo reporting analysis for healthcare clinics,1,Marketing
project status updates migration for ecommerce brands,1,Operations
email outreach reporting for recruitment agencies,1,HR
dashboard updates reconciliation for finance teams,1,Operations
vendor management migration for ecommerce brands,1,Operations
recruiting pipeline tracking for agencies,1,HR
social media reporting synchronization for recruitment agencies,1,Marketing
recruiting pipeline monitoring for support teams,1,Support
recruiting pipeline monitoring for saas teams,1,HR
qa checklist management for ecommerce brands,1,Operations
calendar coordination reconciliation for saas teams,1,Operations
excel reporting migration for operations teams,1,Operations
copy paste tracking for support teams,1,Support
qa checklist auditing for support teams,1,Support
social media reporting monitoring for healthcare clinics,1,Marketing
order processing optimization for shopify stores,1,Ecommerce
copy paste auditing for ecommerce brands,1,Operations
email outreach migration for saas teams,1,Operations
recruiting pipeline migration for small businesses,1,HR
copy paste analysis for logistics companies,1,Operations
billing operations integration for saas teams,1,Operations
copy paste optimization for operations teams,1,Operations
support ticket triage reporting for recruitment agencies,1,Support
timesheet processing reconciliation for education businesses,1,Operations
order processing optimization for support teams,1,Support
invoice processing reconciliation for operations teams,1,Finance
dashboard updates reconciliation for operations teams,1,Operations
seo reporting monitoring for healthcare clinics,1,Marketing
email outreach optimization for education businesses,1,Operations
inventory updates management for sales teams,1,Operations
copy paste synchronization for healthcare clinics,1,Operations
timesheet processing reconciliation for ecommerce brands,1,Operations
order processing validation for finance teams,1,Operations
email outreach synchronization for finance teams,1,Operations
inventory updates analysis for startups,1,Operations
email outreach management for shopify stores,1,Ecommerce
invoice processing migration for healthcare clinics,1,Finance
email outreach synchronization for agencies,1,Operations
email outreach cleanup for healthcare clinics,1,Operations
invoice processing tracking for education businesses,1,Finance
calendar coordination validation for saas teams,1,Operations
dashboard updates monitoring for sales teams,1,Operations
timesheet processing auditing for recruitment agencies,1,HR
timesheet processing migration for sales teams,1,Operations
social media reporting auditing for sales teams,1,Marketing
email outreach cleanup for education businesses,1,Operations
excel reporting synchronization for agencies,1,Operations
support ticket triage synchronization for education businesses,1,Support
seo reporting automation for agencies,1,Marketing
bookkeeping validation for ecommerce brands,1,Finance
calendar coordination cleanup for ecommerce brands,1,Operations
excel reporting analysis for recruitment agencies,1,HR
seo reporting tracking for sales teams,1,Marketing
project status updates reconciliation for shopify stores,1,Ecommerce
calendar coordination monitoring for sales teams,1,Operations
vendor management synchronization for small businesses,1,Operations
dashboard updates cleanup for ecommerce brands,1,Operations
dashboard updates tracking for finance teams,1,Operations
bookkeeping cleanup for sales teams,1,Finance
lead generation migration for education businesses,1,Operations
copy paste optimization for ecommerce brands,1,Operations
lead generation auditing for small businesses,1,Operations
excel reporting synchronization for logistics companies,1,Operations
billing operations analysis for saas teams,1,Operations
billing operations automation for saas teams,1,Operations
copy paste migration for support teams,1,Support
billing operations automation for education businesses,1,Operations
support ticket triage consolidation for sales teams,1,Support
timesheet processing cleanup for startups,1,Operations
social media reporting cleanup for recruitment agencies,1,Marketing
vendor management monitoring for healthcare clinics,1,Operations
order processing synchronization for support teams,1,Support
qa checklist cleanup for sales teams,1,Operations
copy paste tracking for healthcare clinics,1,Operations
timesheet processing integration for ecommerce brands,1,Operations
dashboard updates consolidation for ecommerce brands,1,Operations
qa checklist analysis for logistics companies,1,Operations
timesheet processing reporting for healthcare clinics,1,Operations
billing operations management for small businesses,1,Operations
billing operations consolidation for small businesses,1,Operations
manual data entry synchronization for finance teams,1,Operations
qa checklist cleanup for support teams,1,Support
project status updates validation for operations teams,1,Operations
support ticket triage synchronization for small businesses,1,Support
email outreach synchronization for ecommerce brands,1,Operations
lead generation management for education businesses,1,Operations
excel reporting consolidation for finance teams,1,Operations
calendar coordination automation for startups,1,Operations
order processing automation for education businesses,1,Operations
email outreach validation for startups,1,Operations
qa checklist management for education businesses,1,Operations
qa checklist reconciliation for saas teams,1,Operations
vendor management synchronization for education businesses,1,Operations
recruiting pipeline automation for finance teams,1,HR
email outreach reporting for startups,1,Operations
lead generation integration for agencies,1,Operations
copy paste automation for saas teams,1,Operations
bookkeeping tracking for operations teams,1,Finance
crm updates cleanup for logistics companies,1,CRM
vendor management monitoring for shopify stores,1,Ecommerce
inventory updates optimization for recruitment agencies,1,Operations
excel reporting integration for ecommerce brands,1,Operations
invoice processing analysis for operations teams,1,Finance
inventory updates reconciliation for healthcare clinics,1,Operations
manual data entry optimization for saas teams,1,Operations
lead generation consolidation for support teams,1,Support
recruiting pipeline synchronization for recruitment agencies,1,HR
dashboard updates auditing for small businesses,1,Operations
lead generation tracking for startups,1,Operations
crm updates migration for shopify stores,1,CRM
qa checklist monitoring for logistics companies,1,Operations
social media reporting reconciliation for healthcare clinics,1,Marketing
lead generation consolidation for shopify stores,1,Ecommerce
recruiting pipeline cleanup for shopify stores,1,Ecommerce
billing operations management for operations teams,1,Operations
manual data entry automation for healthcare clinics,1,Operations
project status updates optimization for sales teams,1,Operations
billing operations cleanup for finance teams,1,Operations
seo reporting reconciliation for sales teams,1,Marketing
invoice processing consolidation for startups,1,Finance
invoice processing reporting for startups,1,Finance
qa checklist synchronization for shopify stores,1,Ecommerce
vendor management analysis for education businesses,1,Operations
billing operations validation for startups,1,Operations
timesheet processing integration for operations teams,1,Operations
invoice processing automation for shopify stores,1,Finance
excel reporting automation for startups,1,Operations
lead generation migration for healthcare clinics,1,Operations
invoice processing validation for ecommerce brands,1,Finance
inventory updates integration for operations teams,1,Operations
manual data entry reconciliation for healthcare clinics,1,Operations
manual data entry migration for ecommerce brands,1,Operations
excel reporting analysis for finance teams,1,Operations
dashboard updates integration for agencies,1,Operations
dashboard updates integration for recruitment agencies,1,HR
project status updates auditing for healthcare clinics,1,Operations
dashboard updates auditing for education businesses,1,Operations
qa checklist validation for recruitment agencies,1,HR
seo reporting tracking for education businesses,1,Marketing
lead generation cleanup for recruitment agencies,1,HR
crm updates monitoring for support teams,1,CRM
bookkeeping cleanup for recruitment agencies,1,Finance
order processing validation for sales teams,1,Operations
copy paste tracking for recruitment agencies,1,HR
inventory updates reconciliation for logistics companies,1,Operations
dashboard updates consolidation for finance teams,1,Operations
project status updates automation for ecommerce brands,1,Operations
order processing tracking for sales teams,1,Operations
vendor management auditing for shopify stores,1,Ecommerce
project status updates reporting for startups,1,Operations
order processing management for agencies,1,Operations
invoice processing analysis for agencies,1,Finance
email outreach monitoring for agencies,1,Operations
email outreach analysis for recruitment agencies,1,HR
invoice processing reporting for support teams,1,Finance
timesheet processing tracking for healthcare clinics,1,Operations
seo reporting analysis for shopify stores,1,Marketing
manual data entry analysis for operations teams,1,Operations
project status updates auditing for sales teams,1,Operations
project status updates automation for healthcare clinics,1,Operations
billing operations monitoring for small businesses,1,Operations
support ticket triage consolidation for startups,1,Support
copy paste auditing for logistics companies,1,Operations
dashboard updates validation for operations teams,1,Operations
recruiting pipeline optimization for saas teams,1,HR
qa checklist integration for recruitment agencies,1,HR
excel reporting migration for healthcare clinics,1,Operations
timesheet processing synchronization for sales teams,1,Operations
billing operations automation for small businesses,1,Operations
billing operations migration for shopify stores,1,Ecommerce
billing operations synchronization for logistics companies,1,Operations
order processing reporting for support teams,1,Support
project status updates monitoring for saas teams,1,Operations
order processing consolidation for finance teams,1,Operations
qa checklist synchronization for saas teams,1,Operations
calendar coordination integration for ecommerce brands,1,Operations
seo reporting auditing for support teams,1,Support
copy paste auditing for sales teams,1,Operations
lead generation reporting for logistics companies,1,Operations
support ticket triage analysis for agencies,1,Support
bookkeeping reconciliation for shopify stores,1,Finance
manual data entry monitoring for education businesses,1,Operations
manual data entry auditing for ecommerce brands,1,Operations
lead generation monitoring for education businesses,1,Operations
lead generation optimization for agencies,1,Operations
recruiting pipeline monitoring for recruitment agencies,1,HR
dashboard updates analysis for logistics companies,1,Operations
timesheet processing cleanup for finance teams,1,Operations
social media reporting monitoring for agencies,1,Marketing
support ticket triage automation for healthcare clinics,1,Support
dashboard updates cleanup for education businesses,1,Operations
copy paste reporting for sales teams,1,Operations
project status updates automation for agencies,1,Operations
invoice processing optimization for recruitment agencies,1,Finance
excel reporting auditing for sales teams,1,Operations
inventory updates cleanup for logistics companies,1,Operations
calendar coordination reconciliation for ecommerce brands,1,Operations
dashboard updates management for ecommerce brands,1,Operations
manual data entry integration for saas teams,1,Operations
support ticket triage tracking for logistics companies,1,Support
invoice processing consolidation for small businesses,1,Finance
social media reporting tracking for sales teams,1,Marketing
qa checklist management for support teams,1,Support
order processing reporting for finance teams,1,Operations
dashboard updates migration for healthcare clinics,1,Operations
order processing migration for sales teams,1,Operations
excel reporting migration for shopify stores,1,Ecommerce
bookkeeping management for finance teams,1,Finance
vendor management reporting for education businesses,1,Operations
billing operations integration for support teams,1,Support
order processing tracking for healthcare clinics,1,Operations
recruiting pipeline analysis for operations teams,1,HR
lead generation migration for startups,1,Operations
calendar coordination migration for logistics companies,1,Operations
project status updates automation for logistics companies,1,Operations
project status updates integration for education businesses,1,Operations
order processing monitoring for sales teams,1,Operations
billing operations consolidation for support teams,1,Support
seo reporting optimization for recruitment agencies,1,Marketing
calendar coordination auditing for shopify stores,1,Ecommerce
order processing validation for ecommerce brands,1,Operations
timesheet processing migration for shopify stores,1,Ecommerce
timesheet processing monitoring for logistics companies,1,Operations
social media reporting tracking for education businesses,1,Marketing
billing operations validation for education businesses,1,Operations
